Date,Content,Comment
2025-11-16,https://boxd.it/4RU7jP,Agreed
2025-11-16,https://boxd.it/4uaZPh,Just think of it as a pure romance
2025-12-05,https://boxd.it/bUGtw7,"The poop, pee and food are all also inverted so it's fine to eat normally"
2025-12-12,https://boxd.it/c0y1pP,"Wow, now I'm not about to say this is the best film ever, by it is a well excicuted use of the trope started by scream of putting the murderer as the most obvious guy and playing with our expectations from there on. I guess the resolution is lackluster, but the intro was supposed to be cringe as this is significantly more satirical than knives out."
2026-01-11,https://boxd.it/cyVGqL,"Idk, I love Dr. Strangelove and the shining, but this film is just a slog."
2026-01-18,https://boxd.it/cxHn03,Interesting
2026-01-22,https://boxd.it/cKdT9X,Mark Ruffalos absurdity was the only reason I could finish it.
2026-01-23,https://boxd.it/cLthUH,Real
2026-01-29,https://boxd.it/cRHzjr,This feels like an all round best group of actors for you
2026-01-29,https://boxd.it/cRHzjr,Let's hope
2026-02-05,https://boxd.it/cZtzE9,"Maybe, hear me out, You like welcome to raccon city a little too much."
2026-02-11,https://boxd.it/d4XoPl,"Finally watched it I see. Call me when you get to Barry lyndon, I want to watch it."
2026-02-13,https://boxd.it/d6uhYb,That 20 minute musical sequence is what got me
2026-02-18,https://boxd.it/daKYmn,Will do
2026-02-19,https://boxd.it/d7yDkf,"For the record, DO NOT watch this move. Realized this wasn't clear."
2026-02-20,https://boxd.it/ddx6uD,"Oh yeah, the end credits are great too."
2026-02-21,https://boxd.it/detKCt,Literally no one enjoys my music takes so I've just disconnected myself entirely from the normal music enjoying community.
2026-02-28,https://boxd.it/dkLLed,"You say the plot then talk about character dynamics. The plot includes 27857383 contrivences and deus ex machina's. The movie is absolutely trifled with plot holes and doesn't even make sense on a simply movie standpoint let alone a scientific standpoint( ie. Fifth dimensional beings doing everything plot related in space). This would be fine if the movie wasn't applied for it's scientific accuracy, but it constantly is."
2026-03-08,https://boxd.it/draByL,Ps. Watched because it's what my grandma wanted to watch.
2026-03-08,https://boxd.it/dr7DUN,"I've got 12 mil, anybody doing 12 mil,,, you over there with the red glasses."
2026-03-09,https://boxd.it/dsdLgH,"It's in france, and the main character has a French accent, and that little boy just makes me want to shrivel up and die because of his accent."
2026-03-10,https://boxd.it/dsHIP5,"So now we want to look pretentious. Ahh yes, I love pulp fiction. *Sips canterberry Worcestershire tea*"
2026-03-11,https://boxd.it/dtb98P,After seeing my other 9/10s I've decided to bump this up a half star.
2026-03-15,https://boxd.it/dvIkQ3,What if it sucks
2026-03-30,https://boxd.it/dJvmAr,Literally everyone watching either fell asleep or told me I was being WAY to generous
2026-04-03,https://boxd.it/xHi0L,Ragebait
2026-04-04,https://boxd.it/mq9Bb,I'm the sacred deer that watched this whole ordeal then killed myself
2026-04-05,https://boxd.it/dPqn33,No I just didn't like there performances
2026-04-05,https://boxd.it/dPqn33,No I just didn't like there performances
2026-04-05,https://boxd.it/dPqn33,"Bro, just watch one of Yargos good films. Like this movie strays so much from the way he portrays diologue, and that would be fine if it made the characters in this work for me, but the dicotomy between alien and alien hunters falls flat due to such a disconnect from reality of everybody that tries to vaguely make fun of internet conspiricies. Plus the ending sucked."
2026-04-14,https://boxd.it/bRYMJX,This Anakin Padme slander cannot be permitted.
2026-04-17,https://boxd.it/e0nF0J,Real
2026-05-06,https://boxd.it/efO83p,Watch any Andrei Tarkovsky film. Those are all better than this about belief and faith
2026-05-09,https://boxd.it/ehSSwt,True
2026-05-13,https://boxd.it/ekVIo3,I gave my 11 year old brother a choice of any studio ghibli that's why we watched this. He HATED it so will do.
2026-05-29,https://boxd.it/epbTQl,"Yeah I've been thinking about it and I might raise my score a little simply because of Indie's performance, but this is very definitively not my thing. I see you are watching a lot of horror lately."
2026-06-02,https://boxd.it/eBRly5,Should watch Cloverfield next.
2026-06-08,https://boxd.it/eHEQyD,This is the only score I can think of that uses a zither primarily. If that helps.
2026-06-10,https://boxd.it/eHE505,"Hot take, Wicked's better"
2026-06-11,https://boxd.it/eK52wT,"Top 3 for sure, should watch Persona"
2026-06-12,https://boxd.it/eKIV2n,"Yeah, I watched this because I have an unhealthy obsession with double movies, then, later, I realized it was from that director."
2026-06-13,https://boxd.it/eLzZeN,"Bro, this is just the bad version of ""The Double"""
2026-06-18,https://boxd.it/eQ2wKz,"No, but you see, the dog did do it."
2026-06-21,https://boxd.it/eStauV,At least he didn't say a million <b>bucks</b> and die to deer falling on him
2026-06-27,https://boxd.it/eXCJC9,Relatable
2026-07-05,https://boxd.it/f5dFfx,"Wall-e, incredibles, cars
----------------------------------
                  Up"
2026-07-08,https://boxd.it/f88CCF,"And liked <i>enemy, </i>for some reason. Bet he will be glazing Florence pughs performance here forever"
2026-07-08,https://boxd.it/f88CCF,Literally its just the first 20 min.
2026-07-08,https://boxd.it/f88CCF,And I do glaze her preformance
2026-07-14,https://boxd.it/fdsP5f,I said it was a worst version of a movie you've rated higher
2026-07-14,https://boxd.it/fdsP5f,I'll watch the village soon don't worry.
2026-07-14,https://boxd.it/fdEuo5,"I had a teacher who'd seen them over 100 times and this is her favorite so I'm inclined to agree, I'll let you know once I finish the rewatch"
2026-07-17,https://boxd.it/fgvjFD,"Agreed, your review was extremely valid. I tried to think of it as an American thing instead of comparing it to the source material bc if I did I would have crashed out"
2026-07-17,https://boxd.it/fgkKQr,Fair
2026-07-18,https://boxd.it/fi62Mb,I have this whole movie memorized start to finish. Watching it now
2026-07-18,https://boxd.it/fim4uv,"Pretty much exactly how I felt except I didn't like the small preformances, and didn't have a headache."
2026-07-19,https://boxd.it/fjbkL5,"I bet, I tried to last night but it wasn't on any of my services. I watched this one because it was free on Kanopy NL."
2026-07-19,https://boxd.it/fjbkL5,"Yes! If Stoker is on Disney there you need to watch it, it's becoming one of my favorites."
2026-07-20,https://boxd.it/fjYmjb,"Yeah, idk. I think the third act is kinda lame, but this movie is totally in on the joke the whole time. It's like dreamworks making fun of Disney princess movies. I think people just can't not take something at face value on this app if it's not by some famous director."
2026-07-23,https://boxd.it/fo7y05,Not enough exposition for the Nolan-head
2026-08-03,https://boxd.it/fBdFWJ,"Yeah, Park is becoming one of my favorite directors."
2026-08-03,https://boxd.it/fBJGnp,"I've just never been interested in the stories he wants to tell, but after this I'm hooked."
2026-08-07,https://boxd.it/fG5K1R,"Shoot, your right. Does that make the girl Lot?"
2026-08-07,https://boxd.it/fGMqen,"Did you know that the director actually asked fuege if he could use Jean Grey and his response was to use whoever made sense in a spiderman story. So it wasn't forced by the company. That aside I like the movie for what it is not what I wanted it to be; yes, give me jackpot over Jean Grey, and she is a genuine flaw in the movie."
2026-08-09,https://boxd.it/fINv5Z,😂
2026-08-10,https://boxd.it/fKgGh5,Based reason
2026-08-16,https://boxd.it/fPVGav,The fast forward button is the greatest invention in the world of movies. Even better than the camera
2026-08-18,https://boxd.it/fTBSjb,My roommate had just watched the first two so it gave me an excuse. I need to go back and watch the others.
2026-08-22,https://boxd.it/fWImGX,Get one of the fancy ones that can play pal coded bluerays.
2026-08-23,https://boxd.it/fWImGX,Yeah. Especially popular movies. I was going to get the criterion for inland empire at entertainmart but it was way to expensive.
2026-08-23,https://boxd.it/fWImGX,"Oh, right 🥲. Yeah they are."
2026-08-25,https://boxd.it/fZTlJv,"Haven't seen the second one, but if this happens I HAVE TO. 😂"
2026-08-26,https://boxd.it/5gcwT1,Please
2026-09-02,https://boxd.it/g88Orn,Cinema
2026-09-02,https://boxd.it/g8Pyb5,The fight scenes are the closest I come to falling asleep in a movie in a while.
2026-09-02,https://boxd.it/g8Pyb5,😂
2026-09-16,https://boxd.it/glDPxP,So real
2026-09-26,https://boxd.it/gtwIQj,"No, I felt emotion when there was a match transition when he put the toys in the garage. My brain was like 🚨🚨🚨."
2025-11-24,https://boxd.it/PolSw,Gladiator after nacho libre is crazy
2025-11-24,https://boxd.it/PIXzi,Actually so incredibly based
2025-11-24,https://boxd.it/w1VyK,After enjoying trolls world tour made me want to gauge my eyes out with a dull spoon.
2025-11-24,https://boxd.it/6wJU,Ragebait
2025-12-16,https://boxd.it/AgNJG,The Lego Movie
2026-01-19,https://boxd.it/hz8Rc,Spiderman 3 placement is peak
2026-02-11,https://boxd.it/odM1u,Two towers so low is criminal
2026-02-12,https://boxd.it/vvJLo,Tuff
2026-02-15,https://boxd.it/oP78K,This is like movie stan top 100 with a smattering of random animated movies. (Compliment)
2026-02-18,https://boxd.it/SF1I8,You can't just say you couldn't finish a masterpiece like holy grail and not give an explanation.
2026-02-25,https://boxd.it/iyVeA,"I LOVE ATTACK OF THE CLONES, SO SO SO SO MUCH."
2026-02-27,https://boxd.it/pieMK,"Guys, get on the attack of the clones the clone train."
2026-03-06,https://boxd.it/QWCPm,Goated Lego movie placement
2026-03-08,https://boxd.it/gHsgi,The last Jedi below attack of the clones is criminal
2026-03-12,https://boxd.it/T8Mdu,"Based, Based, Based, Based"
2026-03-12,https://boxd.it/T8Mdu,Have you seen courageous
2026-03-30,https://boxd.it/my8AI,"thank you for not putting attack of the clones lower than the last jedi
"
2026-04-03,https://boxd.it/jMy2e,Does this guy like space. I couldn't tell
2026-04-22,https://boxd.it/1Ysjg,"Inception, attack of the clones, three colors red, eternal sunshine of the spotless mind, solaris (1972), 10 things I hate about you, Jerry Maguire, the amazing spiderman"
2026-04-28,https://boxd.it/1qRW0,coco (2017)
2026-04-30,https://boxd.it/Ub80U,"18, 2:34"
2026-05-01,https://boxd.it/rNbn8,The double
2026-05-13,https://boxd.it/lYCAm,The double (2013)
2026-06-03,https://boxd.it/8XF8c,"I have a similar list <a href=""https://boxd.it/U6MAS"">(doubles)</a>. I would most strongly recommend Persona."
2026-06-16,https://boxd.it/V6mQO,Joaquin Phoenix in gladiator?
2026-06-17,https://boxd.it/V6mQO,Mind if I steal this idea?
2026-07-01,https://boxd.it/LlHom,Crazy spread
2026-07-14,https://boxd.it/pRckY,Gone in 60 seconds with nic cage
2026-07-19,https://boxd.it/CtPeY,Based
2026-08-19,https://boxd.it/16hNc,One of the most unique list ever maybe.
