Date,Name,Year,Letterboxd URI,Rating,Rewatch,Tags,Watched Date
2025-11-09,Mission: Impossible – Dead Reckoning,2023,https://boxd.it/bDWrZZ,4.5,,,2025-08-11
2025-11-09,Top Gun: Maverick,2022,https://boxd.it/bDWs0j,5,,,2025-08-11
2025-11-09,Oppenheimer,2023,https://boxd.it/bDWs0t,4.5,,,2025-08-11
2025-11-09,Dune,2021,https://boxd.it/bDWs0D,4.5,,,2025-08-11
2025-11-09,Dune: Part Two,2024,https://boxd.it/bDWs0N,5,,,2025-08-11
2025-11-09,Wicked,2024,https://boxd.it/bDWs0X,4,,,2025-08-11
2025-11-09,Heads of State,2025,https://boxd.it/bDWs1h,4,,,2025-08-11
2025-11-09,Mission: Impossible – The Final Reckoning,2025,https://boxd.it/bDWs1r,4,,,2025-08-11
2025-11-09,The Amateur,2025,https://boxd.it/bDWs1B,3.5,,,2025-08-11
2025-11-09,Happy Gilmore,1996,https://boxd.it/bDWs1L,3,,,2025-08-11
2025-11-09,Superman,2025,https://boxd.it/bDWs1V,3.5,,,2025-08-11
2025-11-09,The Fantastic 4: First Steps,2025,https://boxd.it/bDWs25,4,,,2025-08-11
2025-11-09,Modern Times,1936,https://boxd.it/bDWs2f,3.5,,,2025-08-11
2025-11-09,Alien,1979,https://boxd.it/bDWs2p,5,,,2025-08-11
2025-11-09,The Usual Suspects,1995,https://boxd.it/bDWs2z,4.5,,,2025-08-11
2025-11-09,Cinema Paradiso,1988,https://boxd.it/bDWs2J,2,,,2025-08-11
2025-11-09,Spider-Man: Across the Spider-Verse,2023,https://boxd.it/bDWs2T,5,,,2025-08-11
2025-11-09,The Prestige,2006,https://boxd.it/bDWs33,4,,,2025-08-11
2025-11-09,The Lion King,1994,https://boxd.it/bDWs4F,2.5,,,2025-08-11
2025-11-09,Gladiator,2000,https://boxd.it/bDWs4P,5,,,2025-08-11
2025-11-09,Back to the Future,1985,https://boxd.it/bDWs59,4,,,2025-08-11
2025-11-09,Star Wars,1977,https://boxd.it/bDWs5t,5,,,2025-08-11
2025-11-09,Interstellar,2014,https://boxd.it/bDWs5D,3.5,,,2025-08-11
2025-11-09,The Matrix,1999,https://boxd.it/bDWs5N,5,,,2025-08-11
2025-11-09,The Empire Strikes Back,1980,https://boxd.it/bDWs5X,5,,,2025-08-11
2025-11-09,Inception,2010,https://boxd.it/bDWs67,5,,,2025-08-11
2025-11-09,The Lord of the Rings: The Two Towers,2002,https://boxd.it/bDWs6h,5,,,2025-08-11
2025-11-09,Forrest Gump,1994,https://boxd.it/bDWs6B,4.5,,,2025-08-11
2025-11-09,The Lord of the Rings: The Fellowship of the Ring,2001,https://boxd.it/bDWs6L,5,,,2025-08-11
2025-11-09,The Lord of the Rings: The Return of the King,2003,https://boxd.it/bDWs6V,5,,,2025-08-11
2025-11-09,The Shawshank Redemption,1994,https://boxd.it/bDWs75,5,,,2025-08-11
2025-11-09,Silverado,1985,https://boxd.it/bDWrDT,4,,,2025-08-12
2025-11-09,Life Is Beautiful,1997,https://boxd.it/bDWrE3,4,,,2025-08-12
2025-11-09,Loki,2021,https://boxd.it/bDWrEd,4.5,,,2025-08-12
2025-11-09,Star Wars: The Clone Wars,2008,https://boxd.it/bDWrEn,4.5,,,2025-08-12
2025-11-09,Star Wars: Episode III – Revenge of the Sith,2005,https://boxd.it/bDWrEx,4.5,,,2025-08-12
2025-11-09,Star Wars: Episode II – Attack of the Clones,2002,https://boxd.it/bDWrEH,5,Yes,,2025-08-12
2025-11-09,Pirates of the Caribbean: Dead Man's Chest,2006,https://boxd.it/bDWrER,3.5,,,2025-08-12
2025-11-09,Sherlock Holmes,2009,https://boxd.it/bDWrF1,4,,,2025-08-12
2025-11-09,Ocean's Eleven,2001,https://boxd.it/bDWrFb,4,,,2025-08-12
2025-11-09,Mission: Impossible,1996,https://boxd.it/bDWrFl,5,,,2025-08-12
2025-11-09,Pirates of the Caribbean: The Curse of the Black Pearl,2003,https://boxd.it/bDWrFv,4.5,,,2025-08-12
2025-11-09,The Passion of the Christ,2004,https://boxd.it/bDWrFZ,4,,,2025-08-12
2025-11-09,Jesus Revolution,2023,https://boxd.it/bDWrG9,4,,,2025-08-12
2025-11-09,The Hill,2023,https://boxd.it/bDWrGj,3.5,,,2025-08-12
2025-11-09,American Underdog,2021,https://boxd.it/bDWrGt,4,,,2025-08-12
2025-11-09,Rudy,1993,https://boxd.it/bDWrIJ,4,,,2025-08-12
2025-11-09,Remember the Titans,2000,https://boxd.it/bDWrIT,5,,,2025-08-12
2025-11-09,Glass Onion,2022,https://boxd.it/bDWrJ3,4,,,2025-08-12
2025-11-09,Knives Out,2019,https://boxd.it/bDWrJd,4,,,2025-08-12
2025-11-09,Cloverfield,2008,https://boxd.it/bDWrJn,4,,,2025-08-12
2025-11-09,10 Things I Hate About You,1999,https://boxd.it/bDWrJx,4.5,,,2025-08-12
2025-11-09,The Princess Bride,1987,https://boxd.it/bDWrJH,5,,,2025-08-12
2025-11-09,Regular Show: The Movie,2015,https://boxd.it/bDWrJR,2.5,,,2025-08-12
2025-11-09,Adventure Time,2007,https://boxd.it/bDWrK1,3.5,,,2025-08-12
2025-11-09,Marvel Studios Assembled: The Making of X-Men '97,2024,https://boxd.it/bDWrKb,5,,,2025-08-12
2025-11-09,One Crazy Summer: A Look Back at Gravity Falls,2018,https://boxd.it/bDWrKl,5,,,2025-08-12
2025-11-09,Over the Garden Wall,2014,https://boxd.it/bDWrKv,4.5,,,2025-08-12
2025-11-09,Firefly,2003,https://boxd.it/bDWrKF,5,,,2025-08-12
2025-11-09,Rocky,1976,https://boxd.it/bDWrKP,5,,,2025-08-12
2025-11-09,"Monsters, Inc.",2001,https://boxd.it/bDWrKZ,3.5,,,2025-08-12
2025-11-09,Ratatouille,2007,https://boxd.it/bDWrL9,2.5,,,2025-08-12
2025-11-09,Harry Potter and the Deathly Hallows: Part 2,2011,https://boxd.it/bDWrLj,4,,,2025-08-12
2025-11-09,Inside Out,2015,https://boxd.it/bDWrLt,3,,,2025-08-12
2025-11-09,Klaus,2019,https://boxd.it/bDWrLD,3.5,,,2025-08-12
2025-11-09,Monty Python and the Holy Grail,1975,https://boxd.it/bDWrLN,4.5,,,2025-08-12
2025-11-09,Shutter Island,2010,https://boxd.it/bDWrM7,5,,,2025-08-12
2025-11-09,Up,2009,https://boxd.it/bDWrMh,3.5,,,2025-08-12
2025-11-09,2001: A Space Odyssey,1968,https://boxd.it/bDWrMr,2.5,,,2025-08-12
2025-11-09,Toy Story 3,2010,https://boxd.it/bDWrOd,3.5,,,2025-08-12
2025-11-09,Toy Story,1995,https://boxd.it/bDWrOx,3,,,2025-08-12
2025-11-09,Memento,2000,https://boxd.it/bDWrOH,4,,,2025-08-12
2025-11-09,Spider-Man: Far From Home,2019,https://boxd.it/bDWrOR,2.5,,,2025-08-12
2025-11-09,Spider-Man: No Way Home,2021,https://boxd.it/bDWrP1,3.5,,,2025-08-12
2025-11-09,Batman Begins,2005,https://boxd.it/bDWrPb,4,,,2025-08-12
2025-11-09,Batman v Superman: Dawn of Justice,2016,https://boxd.it/bDWrPl,3,,,2025-08-12
2025-11-09,Shazam!,2019,https://boxd.it/bDWrPF,2.5,,,2025-08-12
2025-11-09,Alita: Battle Angel,2019,https://boxd.it/bDWrPP,5,,,2025-08-12
2025-11-09,Avatar,2009,https://boxd.it/bDWrPZ,2.5,,,2025-08-12
2025-11-09,Guardians of the Galaxy Vol. 2,2017,https://boxd.it/bDWrQ9,2,,,2025-08-12
2025-11-09,Guardians of the Galaxy,2014,https://boxd.it/bDWrQj,3,,,2025-08-12
2025-11-09,X-Men: Days of Future Past,2014,https://boxd.it/bDWrQt,5,,,2025-08-12
2025-11-09,X-Men: First Class,2011,https://boxd.it/bDWrQD,3.5,,,2025-08-12
2025-11-09,X-Men,2000,https://boxd.it/bDWrQN,4,,,2025-08-12
2025-11-09,Batman,1989,https://boxd.it/bDWrQX,4.5,,,2025-08-12
2025-11-09,Tombstone,1993,https://boxd.it/bDWrR7,5,,,2025-08-12
2025-11-09,The Dark Knight,2008,https://boxd.it/bDWrRh,5,,,2025-08-12
2025-11-09,DuckTales: The Movie – Treasure of the Lost Lamp,1990,https://boxd.it/bDWrRr,5,,,2025-08-12
2025-11-09,Captain America: The First Avenger,2011,https://boxd.it/bDWrRB,4.5,,,2025-08-12
2025-11-09,Captain America: Civil War,2016,https://boxd.it/bDWrRL,4,,,2025-08-12
2025-11-09,The Amazing Spider-Man,2012,https://boxd.it/bDWrRV,4.5,,,2025-08-12
2025-11-09,Spider-Man 3,2007,https://boxd.it/bDWrS5,5,,,2025-08-12
2025-11-09,Spider-Man,2002,https://boxd.it/bDWrSf,4.5,,,2025-08-12
2025-11-09,Star Wars: The Force Awakens,2015,https://boxd.it/bDWrSp,3.5,,,2025-08-12
2025-11-09,Star Wars: The Rise of Skywalker,2019,https://boxd.it/bDWrTR,3,,,2025-08-12
2025-11-09,Return of the Jedi,1983,https://boxd.it/bDWrUb,5,,,2025-08-12
2025-11-09,Braveheart,1995,https://boxd.it/bDWrUl,4.5,,,2025-08-12
2025-11-09,Jurassic Park,1993,https://boxd.it/bDWrUv,4,,,2025-08-12
2025-11-09,Tenet,2020,https://boxd.it/bDWrUF,5,,,2025-08-12
2025-11-09,Scream,1996,https://boxd.it/bDWrUP,5,,,2025-08-12
2025-11-09,ARCANE,2021,https://boxd.it/bDWrUZ,4.5,,,2025-08-12
2025-11-09,Ahsoka,2023,https://boxd.it/bDWrVj,3,,,2025-08-12
2025-11-09,Star Wars: Episode I – The Phantom Menace,1999,https://boxd.it/bDWrVt,3.5,,,2025-08-12
2025-11-09,Avengers: Age of Ultron,2015,https://boxd.it/bDWrVD,3.5,,,2025-08-12
2025-11-09,Thor,2011,https://boxd.it/bDWrVN,4.5,,,2025-08-12
2025-11-09,Spider-Man 2,2004,https://boxd.it/bDWrVX,4,,,2025-08-12
2025-11-09,The Batman,2022,https://boxd.it/bDWrW7,5,,,2025-08-12
2025-11-09,Zootopia,2016,https://boxd.it/bDWrWh,3,,,2025-08-12
2025-11-09,Incredibles 2,2018,https://boxd.it/bDWrWr,2.5,,,2025-08-12
2025-11-09,Puss in Boots: The Last Wish,2022,https://boxd.it/bDWrWB,3.5,,,2025-08-12
2025-11-09,Kung Fu Panda,2008,https://boxd.it/bDWrWL,3.5,,,2025-08-12
2025-11-09,The Incredibles,2004,https://boxd.it/bDWrWV,4,,,2025-08-12
2025-11-09,Big Hero 6,2014,https://boxd.it/bDWrX5,5,,,2025-08-12
2025-11-09,The Nightmare Before Christmas,1993,https://boxd.it/bDWrXf,3.5,,,2025-08-12
2025-11-09,Corpse Bride,2005,https://boxd.it/bDWrXp,2.5,,,2025-08-12
2025-11-09,Rango,2011,https://boxd.it/bDWrXz,3.5,,,2025-08-12
2025-11-09,Megamind,2010,https://boxd.it/bDWrXJ,3.5,,,2025-08-12
2025-11-09,Turbo,2013,https://boxd.it/bDWrY3,4,,,2025-08-12
2025-11-09,Planes,2013,https://boxd.it/bDWrYR,2,,,2025-08-12
2025-11-09,Cars,2006,https://boxd.it/bDWrZ1,4.5,,,2025-08-12
2025-11-09,Coco,2017,https://boxd.it/bDWrZb,0.5,,,2025-08-12
2025-11-09,How to Train Your Dragon,2010,https://boxd.it/bDWrZv,4.5,,,2025-08-12
2025-11-09,Spider-Man: Into the Spider-Verse,2018,https://boxd.it/bDWrZF,5,,,2025-08-12
2025-11-09,The Lego Movie,2014,https://boxd.it/bDWrZP,5,,,2025-08-12
2025-11-09,Fantastic Beasts: The Crimes of Grindelwald,2018,https://boxd.it/bDWr4z,3.5,,,2025-08-13
2025-11-09,Aladdin,2019,https://boxd.it/bDWr4J,3.5,,,2025-08-13
2025-11-09,Jumanji: The Next Level,2019,https://boxd.it/bDWr4T,2.5,,,2025-08-13
2025-11-09,Jumanji: Welcome to the Jungle,2017,https://boxd.it/bDWr53,3.5,,,2025-08-13
2025-11-09,The Santa Clause,1994,https://boxd.it/bDWr5d,2,,,2025-08-13
2025-11-09,17 Again,2009,https://boxd.it/bDWr5n,3.5,,,2025-08-13
2025-11-09,Happy Feet,2006,https://boxd.it/bDWr5x,2.5,,,2025-08-13
2025-11-09,Pirates of the Caribbean: Dead Men Tell No Tales,2017,https://boxd.it/bDWr5R,3.5,,,2025-08-13
2025-11-09,Pirates of the Caribbean: On Stranger Tides,2011,https://boxd.it/bDWr6b,3,,,2025-08-13
2025-11-09,The Hobbit: The Desolation of Smaug,2013,https://boxd.it/bDWr6l,3.5,,,2025-08-13
2025-11-09,The Hobbit: An Unexpected Journey,2012,https://boxd.it/bDWr8r,3.5,,,2025-08-13
2025-11-09,The Hobbit: The Battle of the Five Armies,2014,https://boxd.it/bDWr8L,3.5,,,2025-08-13
2025-11-09,Adventure Time: Distant Lands,2020,https://boxd.it/bDWr8V,3.5,,,2025-08-13
2025-11-09,Invincible,2021,https://boxd.it/bDWr9f,4.5,,,2025-08-13
2025-11-09,The Chosen,2016,https://boxd.it/bDWr9p,5,,,2025-08-13
2025-11-09,Bigfoot Family,2020,https://boxd.it/bDWr9J,0.5,,,2025-08-13
2025-11-09,The Brave Little Toaster Goes to Mars,1998,https://boxd.it/bDWra3,2.5,,,2025-08-13
2025-11-09,Madagascar,2005,https://boxd.it/bDWrad,3,,,2025-08-13
2025-11-09,A Monster in Paris,2011,https://boxd.it/bDWran,2,,,2025-08-13
2025-11-09,Catch Me If You Can,2002,https://boxd.it/bDWraH,4.5,,,2025-08-13
2025-11-09,Aladdin,1992,https://boxd.it/bDWraR,3.5,,,2025-08-13
2025-11-09,The Emperor's New Groove,2000,https://boxd.it/bDWrb1,4,,,2025-08-13
2025-11-09,Treasure Planet,2002,https://boxd.it/bDWrbb,3.5,,,2025-08-13
2025-11-09,The Polar Express,2004,https://boxd.it/bDWrbv,2.5,,,2025-08-13
2025-11-09,The Blind Side,2009,https://boxd.it/bDWrbF,3.5,,,2025-08-13
2025-11-09,Glory Road,2006,https://boxd.it/bDWrbP,3.5,,,2025-08-13
2025-11-09,Flushed Away,2006,https://boxd.it/bDWrc9,3,,,2025-08-13
2025-11-09,Bee Movie,2007,https://boxd.it/bDWrcj,3,,,2025-08-13
2025-11-09,Ice Age,2002,https://boxd.it/bDWrcD,3,,,2025-08-13
2025-11-09,Bolt,2008,https://boxd.it/bDWrcX,3.5,,,2025-08-13
2025-11-09,Monsters vs Aliens,2009,https://boxd.it/bDWrd7,2.5,,,2025-08-13
2025-11-09,Ice Age: The Meltdown,2006,https://boxd.it/bDWrdh,2.5,,,2025-08-13
2025-11-09,Ice Age: Dawn of the Dinosaurs,2009,https://boxd.it/bDWrdB,3.5,,,2025-08-13
2025-11-09,The Princess and the Frog,2009,https://boxd.it/bDWrdL,3,,,2025-08-13
2025-11-09,Madagascar: Escape 2 Africa,2008,https://boxd.it/bDWrg1,3,,,2025-08-13
2025-11-09,Cars 2,2011,https://boxd.it/bDWrh9,3.5,,,2025-08-13
2025-11-09,Ice Age: Continental Drift,2012,https://boxd.it/bDWrhD,3,,,2025-08-13
2025-11-09,Madagascar 3: Europe's Most Wanted,2012,https://boxd.it/bDWrhX,2.5,,,2025-08-13
2025-11-09,Brave,2012,https://boxd.it/bDWri7,2.5,,,2025-08-13
2025-11-09,Monsters University,2013,https://boxd.it/bDWrir,4,,,2025-08-13
2025-11-09,Hotel Transylvania,2012,https://boxd.it/bDWriB,2.5,,,2025-08-13
2025-11-09,Frozen,2013,https://boxd.it/bDWriV,3.5,,,2025-08-13
2025-11-09,Rio,2011,https://boxd.it/bDWrj5,3,,,2025-08-13
2025-11-09,Epic,2013,https://boxd.it/bDWrjp,3.5,,,2025-08-13
2025-11-09,Rio 2,2014,https://boxd.it/bDWrjJ,3,,,2025-08-13
2025-11-09,Penguins of Madagascar,2014,https://boxd.it/bDWrjT,3,,,2025-08-13
2025-11-09,Mr. Peabody & Sherman,2014,https://boxd.it/bDWrk3,2.5,,,2025-08-13
2025-11-09,The Book of Life,2014,https://boxd.it/bDWrkn,3.5,,,2025-08-13
2025-11-09,The Peanuts Movie,2015,https://boxd.it/bDWrkx,3.5,,,2025-08-13
2025-11-09,The Good Dinosaur,2015,https://boxd.it/bDWrkH,2.5,,,2025-08-13
2025-11-09,The Secret Life of Pets,2016,https://boxd.it/bDWrl1,2,,,2025-08-13
2025-11-09,The Angry Birds Movie,2016,https://boxd.it/bDWrlb,3,,,2025-08-13
2025-11-09,Minions,2015,https://boxd.it/bDWrll,3,,,2025-08-13
2025-11-09,Smurfs: The Lost Village,2017,https://boxd.it/bDWrlv,2.5,,,2025-08-13
2025-11-09,Finding Dory,2016,https://boxd.it/bDWrlP,3,,,2025-08-13
2025-11-09,Ballerina,2016,https://boxd.it/bDWrlZ,3,,,2025-08-13
2025-11-09,The Secret Life of Pets 2,2019,https://boxd.it/bDWrmj,2,,,2025-08-13
2025-11-09,Storks,2016,https://boxd.it/bDWrmN,3,,,2025-08-13
2025-11-09,Sing,2016,https://boxd.it/bDWrn7,3,,,2025-08-13
2025-11-09,The Grinch,2018,https://boxd.it/bDWro5,2,,,2025-08-13
2025-11-09,The Lego Movie 2: The Second Part,2019,https://boxd.it/bDWroz,2.5,,,2025-08-13
2025-11-09,Despicable Me 4,2024,https://boxd.it/bDWroJ,2,,,2025-08-13
2025-11-09,The Croods: A New Age,2020,https://boxd.it/bDWroT,1.5,,,2025-08-13
2025-11-09,Elemental,2023,https://boxd.it/bDWrp3,3,,,2025-08-13
2025-11-09,Leo,2023,https://boxd.it/bDWrpd,3,,,2025-08-13
2025-11-09,Raya and the Last Dragon,2021,https://boxd.it/bDWrpn,3.5,,,2025-08-13
2025-11-09,Minions: The Rise of Gru,2022,https://boxd.it/bDWrpx,2,,,2025-08-13
2025-11-09,Ferdinand,2017,https://boxd.it/bDWrpH,2.5,,,2025-08-13
2025-11-09,The Croods,2013,https://boxd.it/bDWrpR,2.5,,,2025-08-13
2025-11-09,The Lorax,2012,https://boxd.it/bDWrqb,3.5,,,2025-08-13
2025-11-09,Trolls,2016,https://boxd.it/bDWrql,3.5,,,2025-08-13
2025-11-09,How to Train Your Dragon: The Hidden World,2019,https://boxd.it/bDWrqv,3,,,2025-08-13
2025-11-09,Kung Fu Panda 2,2011,https://boxd.it/bDWrqF,3.5,,,2025-08-13
2025-11-09,Kung Fu Panda 3,2016,https://boxd.it/bDWrqP,3.5,,,2025-08-13
2025-11-09,The Boss Baby,2017,https://boxd.it/bDWrqZ,3.5,,,2025-08-13
2025-11-09,Kung Fu Panda 4,2024,https://boxd.it/bDWrr9,2,,,2025-08-13
2025-11-09,The Lion King,2019,https://boxd.it/bDWrrj,1,,,2025-08-13
2025-11-09,Moana,2016,https://boxd.it/bDWrrt,3,,,2025-08-13
2025-11-09,Inside Out 2,2024,https://boxd.it/bDWrrD,3.5,,,2025-08-13
2025-11-09,Sonic the Hedgehog 3,2024,https://boxd.it/bDWrrX,4,,,2025-08-13
2025-11-09,Sonic the Hedgehog 2,2022,https://boxd.it/bDWrs7,3.5,,,2025-08-13
2025-11-09,Sonic the Hedgehog,2020,https://boxd.it/bDWrsr,3.5,,,2025-08-13
2025-11-09,Lightyear,2022,https://boxd.it/bDWrsB,0.5,,,2025-08-13
2025-11-09,Ron's Gone Wrong,2021,https://boxd.it/bDWrsL,3.5,,,2025-08-13
2025-11-09,Frozen II,2019,https://boxd.it/bDWru3,3,,,2025-08-13
2025-11-09,Ultraman: Rising,2024,https://boxd.it/bDWrun,1.5,,,2025-08-13
2025-11-09,Rise of the Guardians,2012,https://boxd.it/bDWruH,3,,,2025-08-13
2025-11-09,Nimona,2023,https://boxd.it/bDWruR,4,,,2025-08-13
2025-11-09,Onward,2020,https://boxd.it/bDWrv1,3,,,2025-08-13
2025-11-09,Luca,2021,https://boxd.it/bDWrvb,2,,,2025-08-13
2025-11-09,The Angry Birds Movie 2,2019,https://boxd.it/bDWrvl,2.5,,,2025-08-13
2025-11-09,Encanto,2021,https://boxd.it/bDWrvv,2.5,,,2025-08-13
2025-11-09,Cloudy with a Chance of Meatballs 2,2013,https://boxd.it/bDWrvP,3,,,2025-08-13
2025-11-09,Cloudy with a Chance of Meatballs,2009,https://boxd.it/bDWrw9,3,,,2025-08-13
2025-11-09,The Mitchells vs. the Machines,2021,https://boxd.it/bDWrwj,4,,,2025-08-13
2025-11-09,The Lego Ninjago Movie,2017,https://boxd.it/bDWrwt,3,,,2025-08-13
2025-11-09,Cars 3,2017,https://boxd.it/bDWrwD,2,,,2025-08-13
2025-11-09,Spider-Man: Homecoming,2017,https://boxd.it/bDWrwN,3,,,2025-08-13
2025-11-09,Toy Story 4,2019,https://boxd.it/bDWrwX,2.5,,,2025-08-13
2025-11-09,The Book of Boba Fett,2021,https://boxd.it/bDWrx7,3.5,,,2025-08-13
2025-11-09,Solo: A Star Wars Story,2018,https://boxd.it/bDWrxh,3.5,,,2025-08-13
2025-11-09,Rogue One: A Star Wars Story,2016,https://boxd.it/bDWrxr,5,,,2025-08-13
2025-11-09,Star Wars: The Last Jedi,2017,https://boxd.it/bDWrxL,2,,,2025-08-13
2025-11-09,Obi-Wan Kenobi,2022,https://boxd.it/bDWrxV,3.5,,,2025-08-13
2025-11-09,Phineas and Ferb The Movie: Across the 2nd Dimension,2011,https://boxd.it/bDWry5,3.5,,,2025-08-13
2025-11-09,Ben 10: Alien Swarm,2009,https://boxd.it/bDWryf,4,,,2025-08-13
2025-11-09,Batman and Robin,1949,https://boxd.it/bDWrBX,4,,,2025-08-13
2025-11-09,The Lego Batman Movie,2017,https://boxd.it/bDWrCh,4.5,,,2025-08-13
2025-11-09,Despicable Me,2010,https://boxd.it/bDWrCr,4,,,2025-08-13
2025-11-09,Tangled,2010,https://boxd.it/bDWrCL,4,,,2025-08-13
2025-11-09,Ralph Breaks the Internet,2018,https://boxd.it/bDWrCV,2,,,2025-08-13
2025-11-09,Wreck-It Ralph,2012,https://boxd.it/bDWrD5,3,,,2025-08-13
2025-11-09,The Super Mario Bros. Movie,2023,https://boxd.it/bDWrDf,3.5,,,2025-08-13
2025-11-09,WALL·E,2008,https://boxd.it/bDWrDp,4,,,2025-08-13
2025-11-09,Harry Potter and the Half-Blood Prince,2009,https://boxd.it/bDWrDz,4,,,2025-08-13
2025-11-09,The Lord of the Rings: The Rings of Power Global Fan Screening,2022,https://boxd.it/bDWrDJ,5,,,2025-08-13
2025-11-09,IF,2024,https://boxd.it/bDWqR1,1,,,2025-08-14
2025-11-09,Jack the Giant Slayer,2013,https://boxd.it/bDWqRb,3.5,,,2025-08-14
2025-11-09,A Goofy Movie,1995,https://boxd.it/bDWqRl,3,,,2025-08-14
2025-11-09,Robin Hood,1973,https://boxd.it/bDWqRv,4,,,2025-08-14
2025-11-09,Mulan,1998,https://boxd.it/bDWqRF,3.5,,,2025-08-14
2025-11-09,Mr. Popper's Penguins,2011,https://boxd.it/bDWqRP,2.5,,,2025-08-14
2025-11-09,Despicable Me 3,2017,https://boxd.it/bDWqS9,3,,,2025-08-14
2025-11-09,Despicable Me 2,2013,https://boxd.it/bDWqSj,3.5,,,2025-08-14
2025-11-09,Ninjago: Masters of Spinjitzu - Day of the Departed,2016,https://boxd.it/bDWqSt,3.5,,,2025-08-14
2025-11-09,Jumper,2008,https://boxd.it/bDWqSN,3,,,2025-08-14
2025-11-09,Spies in Disguise,2019,https://boxd.it/bDWqSX,3.5,,,2025-08-14
2025-11-09,Hercules,1997,https://boxd.it/bDWqT7,2.5,,,2025-08-14
2025-11-09,Captain America: The Winter Soldier,2014,https://boxd.it/bDWqTr,3.5,,,2025-08-14
2025-11-09,Iron Man,2008,https://boxd.it/bDWqTB,3,,,2025-08-14
2025-11-09,The Avengers,2012,https://boxd.it/bDWqTL,3,,,2025-08-14
2025-11-09,X2,2003,https://boxd.it/bDWqTV,3,,,2025-08-14
2025-11-09,Fantastic Four: Rise of the Silver Surfer,2007,https://boxd.it/bDWqU5,2.5,,,2025-08-14
2025-11-09,Fantastic Four,2005,https://boxd.it/bDWqUf,3.5,,,2025-08-14
2025-11-09,The Smurfs,2011,https://boxd.it/bDWqUp,1.5,,,2025-08-14
2025-11-09,The Smurfs 2,2013,https://boxd.it/bDWqUz,1.5,,,2025-08-14
2025-11-09,Alvin and the Chipmunks: The Road Chip,2015,https://boxd.it/bDWqVR,2,,,2025-08-14
2025-11-09,Alvin and the Chipmunks: Chipwrecked,2011,https://boxd.it/bDWqWl,2,,,2025-08-14
2025-11-09,Alvin and the Chipmunks: The Squeakquel,2009,https://boxd.it/bDWqWP,2.5,,,2025-08-14
2025-11-09,Alvin and the Chipmunks,2007,https://boxd.it/bDWqWZ,2.5,,,2025-08-14
2025-11-09,Chicken Little,2005,https://boxd.it/bDWqXj,2.5,,,2025-08-14
2025-11-09,Horton Hears a Who!,2008,https://boxd.it/bDWqXt,2,,,2025-08-14
2025-11-09,A Christmas Carol,2009,https://boxd.it/bDWqXD,3,,,2025-08-14
2025-11-09,The Chronicles of Narnia: The Voyage of the Dawn Treader,2010,https://boxd.it/bDWqXN,3.5,,,2025-08-14
2025-11-09,Night at the Museum: Battle of the Smithsonian,2009,https://boxd.it/bDWqXX,3,,,2025-08-14
2025-11-09,Night at the Museum,2006,https://boxd.it/bDWqY7,3.5,,,2025-08-14
2025-11-09,Night at the Museum: Secret of the Tomb,2014,https://boxd.it/bDWqYh,3,,,2025-08-14
2025-11-09,Thor: Ragnarok,2017,https://boxd.it/bDWqYr,2.5,,,2025-08-14
2025-11-09,The Amazing Spider-Man 2,2014,https://boxd.it/bDWqYB,3,,,2025-08-14
2025-11-09,Noelle,2019,https://boxd.it/bDWqYL,3,,,2025-08-14
2025-11-09,The Christmas Chronicles: Part Two,2020,https://boxd.it/bDWqYV,3,,,2025-08-14
2025-11-09,The Christmas Chronicles,2018,https://boxd.it/bDWqZ5,3.5,,,2025-08-14
2025-11-09,The Little Mermaid,2023,https://boxd.it/bDWqZf,1,,,2025-08-14
2025-11-09,Lifted,2006,https://boxd.it/bDWqZp,3.5,,,2025-08-14
2025-11-09,Hawaiian Vacation,2011,https://boxd.it/bDWqZJ,4.5,,,2025-08-14
2025-11-09,Toy Story 2,1999,https://boxd.it/bDWr03,3.5,,,2025-08-14
2025-11-09,Shrek 2,2004,https://boxd.it/bDWr0d,3.5,,,2025-08-14
2025-11-09,Shrek,2001,https://boxd.it/bDWr0n,4,,,2025-08-14
2025-11-09,Elf,2003,https://boxd.it/bDWr0x,3,,,2025-08-14
2025-11-09,How the Grinch Stole Christmas,2000,https://boxd.it/bDWr0H,1.5,,,2025-08-14
2025-11-09,Home Alone,1990,https://boxd.it/bDWr0R,3.5,,,2025-08-14
2025-11-09,Home Alone 2: Lost in New York,1992,https://boxd.it/bDWr29,3,,,2025-08-14
2025-11-09,The Goonies,1985,https://boxd.it/bDWr2j,2.5,,,2025-08-14
2025-11-09,Hook,1991,https://boxd.it/bDWr2t,3.5,,,2025-08-14
2025-11-09,"The Chronicles of Narnia: The Lion, the Witch and the Wardrobe",2005,https://boxd.it/bDWr2D,3.5,,,2025-08-14
2025-11-09,Jumanji,1995,https://boxd.it/bDWr2N,1,,,2025-08-14
2025-11-09,Willy Wonka & the Chocolate Factory,1971,https://boxd.it/bDWr2X,4,,,2025-08-14
2025-11-09,Charlie and the Chocolate Factory,2005,https://boxd.it/bDWr37,2,,,2025-08-14
2025-11-09,Harry Potter and the Order of the Phoenix,2007,https://boxd.it/bDWr3h,3.5,,,2025-08-14
2025-11-09,Harry Potter and the Goblet of Fire,2005,https://boxd.it/bDWr3r,3.5,,,2025-08-14
2025-11-09,Harry Potter and the Prisoner of Azkaban,2004,https://boxd.it/bDWr3B,4,,,2025-08-14
2025-11-09,Harry Potter and the Chamber of Secrets,2002,https://boxd.it/bDWr3L,3.5,,,2025-08-14
2025-11-09,Harry Potter and the Philosopher's Stone,2001,https://boxd.it/bDWr3V,3.5,,,2025-08-14
2025-11-09,Harry Potter and the Deathly Hallows: Part 1,2010,https://boxd.it/bDWr45,4,,,2025-08-14
2025-11-09,Fantastic Beasts and Where to Find Them,2016,https://boxd.it/bDWr4f,3,,,2025-08-14
2025-11-09,Fantastic Beasts: The Secrets of Dumbledore,2022,https://boxd.it/bDWr4p,1.5,,,2025-08-14
2025-11-09,Hidden Figures,2016,https://boxd.it/bDWqQH,3,,,2025-08-15
2025-11-09,Inside the Real NCIS,2006,https://boxd.it/bDWqQR,4,,,2025-08-15
2025-11-09,The Italian Job,2003,https://boxd.it/bDWqOV,3,,,2025-08-16
2025-11-09,The Bourne Identity,2002,https://boxd.it/bDWqP5,4,,,2025-08-16
2025-11-09,Mission: Impossible – Ghost Protocol,2011,https://boxd.it/bDWqPf,4,,,2025-08-16
2025-11-09,Edge of Tomorrow,2014,https://boxd.it/bDWqPp,4,,,2025-08-16
2025-11-09,Mission: Impossible – Fallout,2018,https://boxd.it/bDWqPz,4,,,2025-08-16
2025-11-09,Jerry Maguire,1996,https://boxd.it/bDWqPJ,4,,,2025-08-16
2025-11-09,Finding Nemo,2003,https://boxd.it/bDWqPT,2.5,,,2025-08-16
2025-11-09,Jojo Rabbit,2019,https://boxd.it/bDWqQ3,4,,,2025-08-16
2025-11-09,Mamma Mia!,2008,https://boxd.it/bDWqNj,0.5,,,2025-08-17
2025-11-09,Soul,2020,https://boxd.it/bDWqNt,3,,,2025-08-17
2025-11-09,The Last Samurai,2003,https://boxd.it/bDWqND,3.5,,,2025-08-17
2025-11-09,Top Gun,1986,https://boxd.it/bDWqNN,3.5,,,2025-08-17
2025-11-09,Mission: Impossible – Rogue Nation,2015,https://boxd.it/bDWqNX,3.5,,,2025-08-17
2025-11-09,La La Land,2016,https://boxd.it/bDWqO7,3.5,,,2025-08-17
2025-11-09,How to Lose a Guy in 10 Days,2003,https://boxd.it/bDWqOh,3.5,,,2025-08-17
2025-11-09,The Proposal,2009,https://boxd.it/bDWqOr,3.5,,,2025-08-17
2025-11-09,Wonka,2023,https://boxd.it/bDWqOB,3.5,,,2025-08-17
2025-11-09,Moneyball,2011,https://boxd.it/bDWqOL,4,,,2025-08-17
2025-11-09,Knight and Day,2010,https://boxd.it/bDWqID,2.5,,,2025-08-18
2025-11-09,The Outsiders,1983,https://boxd.it/bDWqLR,3.5,,,2025-08-18
2025-11-09,50 First Dates,2004,https://boxd.it/bDWqMb,2.5,,,2025-08-18
2025-11-09,The Holiday,2006,https://boxd.it/bDWqMv,3.5,,,2025-08-18
2025-11-09,Space Jam,1996,https://boxd.it/bDWqMP,2,,,2025-08-18
2025-11-09,Meet the Robinsons,2007,https://boxd.it/bDWqMZ,3,,,2025-08-18
2025-11-09,The Natural,1984,https://boxd.it/bDWqN9,3.5,,,2025-08-18
2025-11-09,The Greatest Showman,2017,https://boxd.it/bDWqIt,3.5,,,2025-08-23
2025-11-09,Ghostbusters,1984,https://boxd.it/bDWqI9,3.5,,,2025-08-24
2025-11-09,National Treasure,2004,https://boxd.it/bDWqHl,3.5,,,2025-08-25
2025-11-09,Raiders of the Lost Ark,1981,https://boxd.it/bDWqHv,3.5,,,2025-08-25
2025-11-09,Pirates of the Caribbean: At World's End,2007,https://boxd.it/bDWqHP,3.5,,,2025-08-25
2025-11-09,Mission: Impossible II,2000,https://boxd.it/bDWqHZ,3,,,2025-08-25
2025-11-09,Suits,1999,https://boxd.it/bDWqHb,4,,,2025-08-27
2025-11-09,The Fox and the Hound,1981,https://boxd.it/bDWqE7,2.5,,,2025-08-28
2025-11-09,Star Wars: Clone Wars,2003,https://boxd.it/bDWqGn,4.5,,,2025-08-28
2025-11-09,Star Wars: The Clone Wars,2008,https://boxd.it/bDWqGx,3.5,,,2025-08-28
2025-11-09,Star Wars Rebels: Spark of Rebellion,2014,https://boxd.it/bDWqGH,4,,,2025-08-28
2025-11-09,Sherlock Holmes: A Game of Shadows,2011,https://boxd.it/bDWqGR,4,,,2025-08-28
2025-11-09,American Psycho,2000,https://boxd.it/bDWqDN,3.5,,,2025-09-01
2025-11-09,The Conjuring,2013,https://boxd.it/bDWqDD,2.5,,,2025-09-07
2025-11-09,Pulp Fiction,1994,https://boxd.it/bDWqDt,2,,,2025-09-11
2025-11-09,Pokémon Detective Pikachu,2019,https://boxd.it/bDWqDj,3.5,,,2025-09-13
2025-11-09,The Little Mermaid,1989,https://boxd.it/bDWqCZ,2.5,,,2025-09-17
2025-11-09,Gifted,2017,https://boxd.it/bDWqCP,3.5,,,2025-09-19
2025-11-09,How to Train Your Dragon 2,2014,https://boxd.it/bDWqCF,4,,,2025-09-21
2025-11-09,My Big Fat Greek Wedding,2002,https://boxd.it/bDWqCv,3.5,,,2025-09-24
2025-11-09,Now You See Me,2013,https://boxd.it/bDWqC1,3.5,,,2025-09-27
2025-11-09,One Battle After Another,2025,https://boxd.it/bDWqCl,2.5,,,2025-09-27
2025-11-09,BoJack Horseman Christmas Special: Sabrina's Christmas Wish,2014,https://boxd.it/bDWqAT,4,,,2025-10-01
2025-11-09,This Is Spinal Tap,1984,https://boxd.it/bDWqBx,4,,,2025-10-01
2025-11-09,"Batman: The Dark Knight Returns, Part 1",2012,https://boxd.it/bDWqBR,3.5,,,2025-10-01
2025-11-09,The Lost Boys,1987,https://boxd.it/bDWqxF,3,,,2025-10-02
2025-11-09,Murder Mystery,2019,https://boxd.it/bDWqxv,3.5,,,2025-10-07
2025-11-09,Click,2006,https://boxd.it/bDWqxl,3.5,,,2025-10-08
2025-11-09,Scream 2,1997,https://boxd.it/bDWqvp,3,,,2025-10-09
2025-11-09,Home,2015,https://boxd.it/bDWqvJ,3,,,2025-10-09
2025-11-09,Fight Club,1999,https://boxd.it/bDWqvT,3.5,,,2025-10-09
2025-11-09,Adventure Time: Fionna and Cake,2023,https://boxd.it/bDWqwd,4.5,,,2025-10-09
2025-11-09,Scott Pilgrim Takes Off,2023,https://boxd.it/bDWqwn,4,,,2025-10-09
2025-11-09,Scott Pilgrim vs. the World,2010,https://boxd.it/bDWqwH,3.5,,,2025-10-09
2025-11-09,The Dictator,2012,https://boxd.it/bDWqwR,2.5,,,2025-10-09
2025-11-09,Beetlejuice,1988,https://boxd.it/bDWqtN,3,,,2025-10-10
2025-11-09,Catching Up,2024,https://boxd.it/bDWqur,1.5,,,2025-10-10
2025-11-09,Avengers: Infinity War,2018,https://boxd.it/bDWqv5,3.5,,,2025-10-10
2025-11-09,The Dark Knight Rises,2012,https://boxd.it/bDWqtt,4,,,2025-10-14
2025-11-09,Serenity,2005,https://boxd.it/bDWqtD,4,,,2025-10-14
2025-11-09,The Social Network,2010,https://boxd.it/bDWqt9,4.5,,,2025-10-15
2025-11-09,Gen V - Prime Premiere,2023,https://boxd.it/bDWqsP,2.5,,,2025-10-25
2025-11-09,South ParQ Vaccination Special,2021,https://boxd.it/bDWqsv,0.5,,,2025-10-28
2025-11-09,A Knight's Tale,2001,https://boxd.it/bDWqr3,4,,,2025-10-29
2025-11-09,Inglourious Basterds,2009,https://boxd.it/bDWqm3,4,,,2025-10-31
2025-11-09,It's a Wonderful Life,1946,https://boxd.it/bDWqmd,4,,,2025-10-31
2025-11-09,Dr. Strangelove or: How I Learned to Stop Worrying and Love the Bomb,1964,https://boxd.it/bDWqmn,4,,,2025-10-31
2025-11-09,Se7en,1995,https://boxd.it/bDWqmx,5,,,2025-10-31
2025-11-09,Coraline,2009,https://boxd.it/bDWqlJ,4,,,2025-11-01
2025-11-09,The Silence of the Lambs,1991,https://boxd.it/bDWqlT,4.5,,,2025-11-01
2025-11-09,Hereditary,2018,https://boxd.it/bDWqlz,4,,,2025-11-02
2025-11-09,Phineas and Ferb the Movie: Candace Against the Universe,2020,https://boxd.it/bDWqil,3.5,,,2025-11-03
2025-11-09,Space Jam: A New Legacy,2021,https://boxd.it/bDWqiv,2,,,2025-11-03
2025-11-09,YES DAY,2021,https://boxd.it/bDWqiF,0.5,,,2025-11-03
2025-11-09,The Sleepover,2020,https://boxd.it/bDWqiZ,1.5,,,2025-11-03
2025-11-09,Spy Kids: Armageddon,2023,https://boxd.it/bDWqj9,0.5,,,2025-11-03
2025-11-09,The Emoji Movie,2017,https://boxd.it/bDWqjj,1,,,2025-11-03
2025-11-09,We Can Be Heroes,2020,https://boxd.it/bDWqjt,1,,,2025-11-03
2025-11-09,The Adventures of Sharkboy and Lavagirl,2005,https://boxd.it/bDWqjD,1,,,2025-11-03
2025-11-09,Spy Kids: All the Time in the World,2011,https://boxd.it/bDWqjX,0.5,,,2025-11-03
2025-11-09,Spy Kids 3-D: Game Over,2003,https://boxd.it/bDWqk7,1.5,,,2025-11-03
2025-11-09,Spy Kids 2: The Island of Lost Dreams,2002,https://boxd.it/bDWqkh,2.5,,,2025-11-03
2025-11-09,Spy Kids,2001,https://boxd.it/bDWqkr,3,,,2025-11-03
2025-11-09,Smiling Friends,2020,https://boxd.it/bDWqkB,1,,,2025-11-03
2025-11-09,Fantastic Four,2015,https://boxd.it/bDWqkL,0.5,,,2025-11-03
2025-11-09,It Ends with Us,2024,https://boxd.it/bDWql5,3.5,,,2025-11-03
2025-11-09,Independence Day,1996,https://boxd.it/bDWqlp,3.5,,,2025-11-03
2025-11-09,The Wonderful Story of Henry Sugar and Three More,2024,https://boxd.it/bDWqi1,4,,,2025-11-06
2025-11-10,Regretting You,2025,https://boxd.it/bEQ2kJ,3,,,2025-11-09
2025-11-13,Mickey 17,2025,https://boxd.it/bGVhhD,2.5,,,2025-11-12
2025-11-13,Uncut Gems,2019,https://boxd.it/bGXKd5,4,,,2025-11-12
2025-11-16,The Conjuring 2,2016,https://boxd.it/bJlYfb,2.5,,,2025-11-15
2025-11-21,The Shining,1980,https://boxd.it/bMnRhP,4,,,2025-11-20
2025-11-26,Eddington,2025,https://boxd.it/bPYPwp,4,,,2025-11-25
2025-11-26,Eddington,2025,https://boxd.it/bPYTmD,4,Yes,,2025-11-25
2025-12-04,Good Will Hunting,1997,https://boxd.it/bVs7Pn,4.5,,,2025-12-03
2025-12-09,Punch-Drunk Love,2002,https://boxd.it/bZ6TO5,4,,,2025-12-08
2025-12-13,Midsommar,2019,https://boxd.it/c1fhVX,3,,,2025-12-12
2025-12-15,12 Angry Men,1957,https://boxd.it/c33htD,5,,,2025-12-14
2025-12-15,Rear Window,1954,https://boxd.it/c33pIL,4,,,2025-12-14
2025-12-15,The Phoenician Scheme,2025,https://boxd.it/c33tat,3.5,,,2025-12-14
2025-12-15,The Phoenician Scheme,2025,https://boxd.it/c33x9f,3.5,Yes,,2025-12-14
2025-12-15,Wake Up Dead Man,2025,https://boxd.it/c3GuYH,4,,,2025-12-15
2025-12-15,Doctor Sleep,2019,https://boxd.it/c3GBld,4,,,2025-12-15
2025-12-16,Zodiac,2007,https://boxd.it/c3ILG5,4.5,,,2025-12-15
2025-12-21,Bullet Train,2022,https://boxd.it/c8loOJ,3.5,,,2025-12-20
2025-12-21,The Lighthouse,2019,https://boxd.it/c8JcJF,3.5,,,2025-12-20
2025-12-21,Interview with the Vampire,1994,https://boxd.it/c8JxDX,3,,,2025-12-20
2025-12-24,The Phoenician Scheme,2025,https://boxd.it/cbXG5b,4,,,2025-12-23
2025-12-24,Hacksaw Ridge,2016,https://boxd.it/ccbJUJ,4.5,,,2025-12-23
2025-12-30,Murder on the Orient Express,2017,https://boxd.it/cjn5Yj,3.5,,,2025-12-29
2025-12-30,Death on the Nile,2022,https://boxd.it/cjnzY9,4,,,2025-12-29
2026-01-04,Zootopia 2,2025,https://boxd.it/cr4rXr,3.5,,,2026-01-04
2026-01-04,Hugo,2011,https://boxd.it/cr4ua3,3,,,2026-01-04
2026-01-10,Once Upon a Time... in Hollywood,2019,https://boxd.it/cxHfu5,3.5,,,2026-01-09
2026-01-10,Little Women,2019,https://boxd.it/cxHn03,3.5,,,2026-01-09
2026-01-10,Thunderbolts*,2025,https://boxd.it/cxHwMl,3.5,,,2026-01-09
2026-01-10,Robot Chicken: Star Wars,2007,https://boxd.it/cxHAvt,5,,,2026-01-09
2026-01-10,Dead Poets Society,1989,https://boxd.it/cxIaqJ,5,,,2026-01-09
2026-01-10,Parasite,2019,https://boxd.it/cxIXp1,5,,,2026-01-09
2026-01-10,Mr. & Mrs. Smith,2005,https://boxd.it/cxLllh,3.5,,,2026-01-09
2026-01-10,Jack Reacher: Never Go Back,2016,https://boxd.it/cxMNfD,3,,,2026-01-09
2026-01-12,Is This Thing On?,2025,https://boxd.it/cAubzL,4,,,2026-01-11
2026-01-13,Donnie Darko,2001,https://boxd.it/cCaKAx,3.5,,,2026-01-13
2026-01-13,Rear Window,1954,https://boxd.it/cCaRah,4,Yes,,2026-01-13
2026-01-14,Get Smart,2008,https://boxd.it/cCo4fv,3.5,,,2026-01-13
2026-01-18,The Wolf of Wall Street,2013,https://boxd.it/cHhyyj,3,,,2026-01-18
2026-01-19,Marty Supreme,2025,https://boxd.it/cHPt6d,4.5,,,2026-01-18
2026-01-19,War of the Worlds,2025,https://boxd.it/cIfX2H,1,,,2026-01-18
2026-01-20,American History X,1998,https://boxd.it/cIWDoz,5,,,2026-01-19
2026-01-23,Cars,2006,https://boxd.it/cLCaub,4.5,Yes,,2026-01-22
2026-01-23,Casablanca,1942,https://boxd.it/cM8TEz,4,,,2026-01-22
2026-01-24,Beautiful Boy,2018,https://boxd.it/cNq1Vh,4,,,2026-01-24
2026-01-26,Blade Runner 2049,2017,https://boxd.it/cQ1bX5,3.5,,,2026-01-26
2026-01-26,Prisoners,2013,https://boxd.it/cQ1kAz,4.5,,,2026-01-26
2026-01-31,Guardians of the Galaxy Vol. 3,2023,https://boxd.it/cUSajP,3.5,,,2026-01-31
2026-01-31,Eternal Sunshine of the Spotless Mind,2004,https://boxd.it/cUSiL3,5,,,2026-01-31
2026-02-04,10 Things I Hate About You,1999,https://boxd.it/cYuVfD,4.5,Yes,,2026-02-03
2026-02-04,Big Fish,2003,https://boxd.it/cYNtzt,3,,,2026-02-03
2026-02-11,In the Mood for Love,2000,https://boxd.it/d4Am5T,3.5,,,2026-02-10
2026-02-14,A Clockwork Orange,1971,https://boxd.it/d7yDkf,3.5,,,2026-02-14
2026-02-15,The Martian,2015,https://boxd.it/d7WAV1,4,,,2026-02-14
2026-02-15,V for Vendetta,2005,https://boxd.it/d8HNP5,4.5,,,2026-02-15
2026-02-16,Constantine,2005,https://boxd.it/d9RoYF,2.5,,,2026-02-16
2026-02-17,Cléo from 5 to 7,1962,https://boxd.it/daKYmn,3,,,2026-02-16
2026-02-19,Sinners,2025,https://boxd.it/dcEMqN,4,,,2026-02-18
2026-02-20,The Brutalist,2024,https://boxd.it/ddx6uD,3,,,2026-02-19
2026-02-21,Whiplash,2014,https://boxd.it/detKCt,4.5,,,2026-02-21
2026-02-22,Moonrise Kingdom,2012,https://boxd.it/dfwCKz,3,,,2026-02-21
2026-02-23,"Crazy, Stupid, Love.",2011,https://boxd.it/dfQq5J,4,,,2026-02-22
2026-02-23,The Grand Budapest Hotel,2014,https://boxd.it/dgzsZJ,4.5,,,2026-02-22
2026-02-23,Spaceballs,1987,https://boxd.it/dgG7mv,5,,,2026-02-22
2026-02-24,Singin' in the Rain,1952,https://boxd.it/dhyydj,4,,,2026-02-23
2026-02-25,Psycho,1960,https://boxd.it/diocHv,4.5,,,2026-02-24
2026-02-25,Barry Lyndon,1975,https://boxd.it/diok8D,4.5,,,2026-02-24
2026-03-04,No Country for Old Men,2007,https://boxd.it/doac8V,4.5,,,2026-03-04
2026-03-06,Scream,1996,https://boxd.it/dphf41,5,Yes,,2026-03-05
2026-03-06,Eyes Without a Face,1960,https://boxd.it/dpoXRb,3,,,2026-03-05
2026-03-06,Annabelle: Creation,2017,https://boxd.it/dpt3Uj,2.5,,,2026-03-05
2026-03-07,Family Guy Presents: Blue Harvest,2007,https://boxd.it/dqiKKt,5,,,2026-03-07
2026-03-08,Spotlight,2015,https://boxd.it/draByL,4.5,,,2026-03-07
2026-03-09,Charade,1963,https://boxd.it/dsdLgH,3.5,,,2026-03-09
2026-03-10,The Third Man,1949,https://boxd.it/dsZQPt,4,,,2026-03-10
2026-03-11,"Paris, Texas",1984,https://boxd.it/dtb98P,4,,,2026-03-10
2026-03-11,Gone with the Wind,1939,https://boxd.it/dtBcfh,3.5,,,2026-03-10
2026-03-11,The Guernsey Literary & Potato Peel Pie Society,2018,https://boxd.it/dtD0KB,1,,,2026-03-10
2026-03-12,Fargo,1996,https://boxd.it/dueeQd,3,,,2026-03-11
2026-03-12,The Imitation Game,2014,https://boxd.it/duiv8l,4,,,2026-03-11
2026-03-12,A Nightmare on Elm Street,1984,https://boxd.it/dulGw5,3.5,,,2026-03-12
2026-03-13,Witness for the Prosecution,1957,https://boxd.it/dv0rhL,4,,,2026-03-13
2026-03-15,The Devil Wears Prada,2006,https://boxd.it/dwwWdt,3.5,,,2026-03-14
2026-03-15,Divergent,2014,https://boxd.it/dwFO1x,2.5,,,2026-03-14
2026-03-15,"Crazy, Stupid, Love.",2011,https://boxd.it/dwMEYN,4,Yes,,2026-03-14
2026-03-17,Bicycle Thieves,1948,https://boxd.it/dyBenR,3.5,,,2026-03-16
2026-03-20,Clueless,1995,https://boxd.it/dANRUx,3,,,2026-03-19
2026-03-20,La La Land,2016,https://boxd.it/dAY9Pl,4,Yes,,2026-03-20
2026-03-21,Sharkula,2022,https://boxd.it/dBMsRF,1,,,2026-03-20
2026-03-22,The VelociPastor,2017,https://boxd.it/dC7iN1,3.5,,,2026-03-21
2026-03-22,Get Out,2017,https://boxd.it/dC7xRR,4.5,,,2026-03-21
2026-03-22,Halloween,1978,https://boxd.it/dC8nGr,3,,,2026-03-21
2026-03-22,Project Hail Mary,2026,https://boxd.it/dCNowp,4,,,2026-03-21
2026-03-23,Star Wars: The Clone Wars,2008,https://boxd.it/dDrFqt,4.5,Yes,,2026-03-22
2026-03-23,The Art of Murder,1999,https://boxd.it/dDrXhT,2.5,,,2026-03-22
2026-03-25,Nope,2022,https://boxd.it/dFMqSH,4,,,2026-03-25
2026-03-27,"Family Guy Presents: Something, Something, Something, Dark Side",2009,https://boxd.it/dHax2b,3.5,,,2026-03-26
2026-03-27,The Blair Witch Project,1999,https://boxd.it/dHkkOB,4,,,2026-03-27
2026-03-30,Signs,2002,https://boxd.it/dJvmAr,3,,,2026-03-29
2026-03-31,Her,2013,https://boxd.it/dLavXb,1.5,,,2026-03-30
2026-04-01,Fantastic Mr. Fox,2009,https://boxd.it/dLR6XV,4.5,,,2026-03-31
2026-04-03,Inception,2010,https://boxd.it/dNY2qv,5,Yes,,2026-04-03
2026-04-03,The Lobster,2015,https://boxd.it/dNYbQd,4,,,2026-04-03
2026-04-04,Twelve Monkeys,1995,https://boxd.it/dOPgbZ,3,,,2026-04-03
2026-04-04,The Killing of a Sacred Deer,2017,https://boxd.it/dOWVUF,4,,,2026-04-04
2026-04-05,Bugonia,2025,https://boxd.it/dPqn33,2.5,,,2026-04-04
2026-04-05,Three Colours: Blue,1993,https://boxd.it/dPJnC1,4.5,,,2026-04-04
2026-04-05,Three Colours: White,1994,https://boxd.it/dPPRyP,4,,,2026-04-04
2026-04-05,Three Colours: Red,1994,https://boxd.it/dPYOmJ,4.5,,,2026-04-04
2026-04-06,Lonesome Dove,1989,https://boxd.it/dQSIgx,4,,,2026-04-05
2026-04-06,The Truman Show,1998,https://boxd.it/dRbIhX,4,,,2026-04-05
2026-04-07,Lady Bird,2017,https://boxd.it/dSaxGJ,3.5,,,2026-04-06
2026-04-08,How to Train Your Dragon,2010,https://boxd.it/dT9XZz,4.5,Yes,,2026-04-08
2026-04-10,The Super Mario Galaxy Movie,2026,https://boxd.it/dUA3Rd,2.5,,,2026-04-09
2026-04-10,Spider-Man: Into the Spider-Verse,2018,https://boxd.it/dUARRH,5,Yes,,2026-04-09
2026-04-11,Host,2020,https://boxd.it/dVsEj1,1.5,,,2026-04-11
2026-04-12,The Godfather,1972,https://boxd.it/dWuv2N,4.5,,,2026-04-12
2026-04-14,Wicked: For Good,2025,https://boxd.it/dYgWVZ,3,,,2026-04-13
2026-04-15,The Witch,2015,https://boxd.it/dZ1Mvr,3.5,,,2026-04-14
2026-04-17,Solaris,1972,https://boxd.it/dZYY1r,5,,,2026-04-16
2026-04-17,Vivarium,2019,https://boxd.it/e0nF0J,3.5,,,2026-04-16
2026-04-18,La Haine,1995,https://boxd.it/e0It1H,4,,,2026-04-17
2026-04-19,Twilight,2008,https://boxd.it/e1IKW5,3.5,,,2026-04-18
2026-04-19,Stalker,1979,https://boxd.it/e25gNN,3.5,,,2026-04-18
2026-04-20,Raising Arizona,1987,https://boxd.it/e32DWB,4,,,2026-04-19
2026-04-21,Marcel the Shell with Shoes On,2021,https://boxd.it/e3OSWx,2,,,2026-04-20
2026-04-22,Free Radicals,1958,https://boxd.it/e45e1Z,,,,2026-04-21
2026-04-22,M,1931,https://boxd.it/e4j3dN,3,,,2026-04-21
2026-04-22,Spider-Man: Beyond the Spider-Verse,2027,https://boxd.it/e4mGe7,,,,2026-04-21
2026-04-24,Invincible: Atom Eve,2023,https://boxd.it/e5zOV9,4,,,2026-04-23
2026-04-24,The Double,2013,https://boxd.it/e5MY8n,4.5,,profile,2026-04-23
2026-04-24,Eraserhead,1977,https://boxd.it/e5PBDN,2,,,2026-04-23
2026-04-24,Blade Runner,1982,https://boxd.it/e5VvcN,3.5,,,2026-04-23
2026-04-25,Vertigo,1958,https://boxd.it/e6enX5,4,,,2026-04-24
2026-04-25,Ferris Bueller's Day Off,1986,https://boxd.it/e6q7Aj,3,,,2026-04-24
2026-04-26,The Double Life of Véronique,1991,https://boxd.it/e75WqB,4,,,2026-04-25
2026-04-26,Paranormal Activity,2007,https://boxd.it/e7zxtb,3.5,,,2026-04-25
2026-04-27,The Haunting of Hill House,2018,https://boxd.it/e8AtLh,4.5,,,2026-04-27
2026-04-29,Psycho,1960,https://boxd.it/e9O51B,4.5,Yes,,2026-04-28
2026-04-29,A Trip to the Moon,1902,https://boxd.it/ea47lZ,,,,2026-04-29
2026-05-01,Enemy,2013,https://boxd.it/eaXrVN,2.5,,,2026-04-30
2026-05-02,Brazil,1985,https://boxd.it/ec1W93,3,,,2026-05-01
2026-05-02,Arrival,2016,https://boxd.it/ech7O7,4,,,2026-05-01
2026-05-02,TheM,2021,https://boxd.it/eckWMx,2.5,,,2026-05-02
2026-05-03,Rushmore,1998,https://boxd.it/ed08CV,3,,,2026-05-02
2026-05-03,Hokum,2026,https://boxd.it/edgCM9,4.5,,,2026-05-02
2026-05-04,Nashville,1975,https://boxd.it/ee1YJl,3.5,,,2026-05-03
2026-05-04,Alps,2011,https://boxd.it/eekILj,2,,,2026-05-03
2026-05-05,A Short Film About Killing,1988,https://boxd.it/eeMyDZ,4,,,2026-05-04
2026-05-05,Anatomy of a Fall,2023,https://boxd.it/ef4ZV3,3.5,,,2026-05-04
2026-05-05,The Sacrifice,1986,https://boxd.it/efaDyX,4,,,2026-05-05
2026-05-08,Shattered Glass,2003,https://boxd.it/egTuWv,3.5,,w/ nana,2026-05-07
2026-05-08,The Unbearable Weight of Massive Talent,2022,https://boxd.it/egYh9l,2.5,,,2026-05-07
2026-05-08,The Boys from Brazil,1978,https://boxd.it/ehcqpb,3.5,,,2026-05-08
2026-05-09,The Birds,1963,https://boxd.it/ehBDXF,2.5,,,2026-05-08
2026-05-09,The Assassination of Jesse James by the Coward Robert Ford,2007,https://boxd.it/ehSSwt,4.5,,,2026-05-08
2026-05-10,Diabolique,1955,https://boxd.it/eijqhf,3,,,2026-05-09
2026-05-10,Aliens,1986,https://boxd.it/eiv8eB,4,,,2026-05-09
2026-05-10,The Godfather Part II,1974,https://boxd.it/eiX2GP,4.5,,,2026-05-10
2026-05-10,Final Destination,2000,https://boxd.it/eiX89d,3,,,2026-05-10
2026-05-10,The Hourglass Sanatorium,1973,https://boxd.it/eiXbX1,3.5,,,2026-05-10
2026-05-10,Persona,1966,https://boxd.it/eiXwP3,5,,,2026-05-10
2026-05-10,Fantastic Planet,1973,https://boxd.it/ej28TZ,2.5,,,2026-05-10
2026-05-11,The Seventh Seal,1957,https://boxd.it/ejUXIr,4,,,2026-05-11
2026-05-12,The Fast and the Furious,2001,https://boxd.it/ekjtkz,3,,,2026-05-11
2026-05-13,Moon,2009,https://boxd.it/ekPrzr,3.5,,,2026-05-12
2026-05-13,Ponyo,2008,https://boxd.it/ekVIo3,2.5,,,2026-05-12
2026-05-13,Ivan's Childhood,1962,https://boxd.it/el4KRJ,3,,,2026-05-12
2026-05-14,Mirror,1975,https://boxd.it/eluokl,3.5,,,2026-05-13
2026-05-14,Gone Girl,2014,https://boxd.it/elzLfX,4.5,,,2026-05-13
2026-05-14,Zombieland,2009,https://boxd.it/elQuSn,3,,,2026-05-14
2026-05-15,The Departed,2006,https://boxd.it/emW7wp,4.5,,,2026-05-15
2026-05-16,Groundhog Day,1993,https://boxd.it/emXOoP,3.5,,,2026-05-15
2026-05-16,Project Hail Mary,2026,https://boxd.it/enjqOj,4,Yes,,2026-05-15
2026-05-17,Dr. No,1962,https://boxd.it/eo6m9p,3,,,2026-05-16
2026-05-18,Wild Strawberries,1957,https://boxd.it/eoN9Fj,3.5,,,2026-05-17
2026-05-18,Obsession,2025,https://boxd.it/epbTQl,1,,,2026-05-17
2026-05-19,The Wind Rises,2013,https://boxd.it/epJpnB,3.5,,,2026-05-18
2026-05-19,The Pink Panther,2006,https://boxd.it/epMead,1.5,,,2026-05-18
2026-05-19,Annie Hall,1977,https://boxd.it/eq0R89,4.5,,,2026-05-18
2026-05-19,Autumn Sonata,1978,https://boxd.it/eq6oyz,4,,,2026-05-19
2026-05-20,Nightcrawler,2014,https://boxd.it/eqz1Wr,4,,,2026-05-19
2026-05-20,Paddington 2,2017,https://boxd.it/eqzeNR,3.5,,,2026-05-19
2026-05-20,Primer,2004,https://boxd.it/eqMy1z,3.5,,,2026-05-19
2026-05-21,Oblivion,2013,https://boxd.it/ereAH9,3,,,2026-05-20
2026-05-21,Godzilla,1998,https://boxd.it/ertR07,3,,,2026-05-20
2026-05-22,Coherence,2013,https://boxd.it/esxkRf,4,,,2026-05-22
2026-05-23,From Russia with Love,1963,https://boxd.it/etkInB,3.5,,,2026-05-23
2026-05-24,Jurassic Park,1993,https://boxd.it/eudwaF,4,Yes,,2026-05-24
2026-05-25,The Royal Tenenbaums,2001,https://boxd.it/euzMcB,3,,,2026-05-24
2026-05-25,The Virgin Spring,1960,https://boxd.it/euBbzH,4,,,2026-05-24
2026-05-26,Aniara,2018,https://boxd.it/evoQbf,2,,,2026-05-25
2026-05-26,Man of Steel,2013,https://boxd.it/ew8efF,3,,,2026-05-26
2026-05-27,Fried Green Tomatoes,1991,https://boxd.it/ewt4Lt,3.5,,,2026-05-26
2026-05-29,Burn After Reading,2008,https://boxd.it/exPSub,3,,,2026-05-28
2026-05-29,About Time,2013,https://boxd.it/eyuoZF,4,,,2026-05-29
2026-05-30,The Island,2005,https://boxd.it/eyFjOz,4.5,,,2026-05-29
2026-05-31,Magnolia,1999,https://boxd.it/ezymwX,3.5,,,2026-05-30
2026-05-31,Collateral,2004,https://boxd.it/ezL3BP,3.5,,,2026-05-30
2026-06-02,THX 1138,1971,https://boxd.it/eBGCiL,3.5,,,2026-06-01
2026-06-03,Network,1976,https://boxd.it/eCxb0B,3.5,,,2026-06-02
2026-06-03,The Intern,2015,https://boxd.it/eCIvY9,2.5,,,2026-06-02
2026-06-04,Unedited Footage of a Bear,2014,https://boxd.it/eDelJd,,,,2026-06-03
2026-06-04,Predestination,2014,https://boxd.it/eDAd6V,4.5,,profile,2026-06-03
2026-06-05,The Hunt for Red October,1990,https://boxd.it/eEfWwh,3.5,,,2026-06-04
2026-06-06,Backrooms,2026,https://boxd.it/eFb7Mz,3.5,,,2026-06-05
2026-06-07,The Lego Batman Movie,2017,https://boxd.it/eFMOIT,4.5,Yes,,2026-06-06
2026-06-07,10 Cloverfield Lane,2016,https://boxd.it/eFUNVj,3.5,,,2026-06-06
2026-06-08,Birdman or (The Unexpected Virtue of Ignorance),2014,https://boxd.it/eGW5fV,4.5,,,2026-06-07
2026-06-09,Scott Pilgrim Takes Off,2023,https://boxd.it/eIEKap,4,Yes,,2026-06-09
2026-06-10,Spirited Away,2001,https://boxd.it/eJ1f13,4,,,2026-06-09
2026-06-11,"Love, Death & Robots: Three Robots",2019,https://boxd.it/eJFqYl,,,,2026-06-10
2026-06-11,"Love, Death & Robots: Beyond the Aquila Rift",2019,https://boxd.it/eJFOGP,,,,2026-06-10
2026-06-11,"Love, Death & Robots: Ice Age",2019,https://boxd.it/eJG7jl,,,,2026-06-10
2026-06-11,"Love, Death & Robots: Sonnie's Edge",2019,https://boxd.it/eJGlpH,,,,2026-06-10
2026-06-12,The Butterfly Effect,2004,https://boxd.it/eKqkjF,3.5,,,2026-06-11
2026-06-12,Transformers One,2024,https://boxd.it/eKuhEN,2,,,2026-06-11
2026-06-12,Doppelgänger,2003,https://boxd.it/eKIV2n,3.5,,,2026-06-12
2026-06-13,A Quiet Place,2018,https://boxd.it/eLsUs7,2.5,,,2026-06-12
2026-06-15,Sherlock: The Great Game,2010,https://boxd.it/eN8WPv,,,,2026-06-14
2026-06-16,The Discreet Charm of the Bourgeoisie,1972,https://boxd.it/eOctKD,4.5,,,2026-06-15
2026-06-18,World on a Wire,1973,https://boxd.it/ePJ8mZ,4.5,,,2026-06-17
2026-06-19,Drive,2011,https://boxd.it/eQvA83,2.5,,,2026-06-18
2026-06-20,The Killer,2023,https://boxd.it/eRmi0r,3,,,2026-06-20
2026-06-21,Prometheus,2012,https://boxd.it/eSEwCz,4,,,2026-06-21
2026-06-21,Men,2022,https://boxd.it/eSGbSP,0.5,,,2026-06-21
2026-06-22,The Amazing Digital Circus: The Last Act,2026,https://boxd.it/eSO5Kh,,,,2026-06-21
2026-06-27,Moby & the Void Pacific Choir: Are You Lost in the World Like Me,2016,https://boxd.it/eXthpj,,,,2026-06-26
2026-06-30,Ad Astra,2019,https://boxd.it/f0Hqs7,2,,,2026-06-30
2026-06-30,Persona,1966,https://boxd.it/f0Mmwp,5,Yes,profile,2026-06-30
2026-07-01,Always Shine,2016,https://boxd.it/f1aN0D,4,,,2026-06-30
2026-07-01,Dead Ringers,1988,https://boxd.it/f1DQ05,3.5,,,2026-07-01
2026-07-02,Alien: Covenant,2017,https://boxd.it/f1LiIN,2.5,,,2026-07-01
2026-07-03,The King of Comedy,1982,https://boxd.it/f2P0kP,3.5,,,2026-07-02
2026-07-03,Minority Report,2002,https://boxd.it/f38bwv,4,,,2026-07-03
2026-07-04,Sonic the Hedgehog 3,2024,https://boxd.it/f3G4ch,4,Yes,,2026-07-03
2026-07-04,The Bourne Supremacy,2004,https://boxd.it/f453hP,4,,,2026-07-04
2026-07-05,The Favourite,2018,https://boxd.it/f4HqXv,4,,,2026-07-04
2026-07-07,The Magician,1958,https://boxd.it/f6YF2r,4.5,,,2026-07-06
2026-07-09,The Secret Life of Walter Mitty,2013,https://boxd.it/f8zZYj,3,,,2026-07-08
2026-07-09,Another Earth,2011,https://boxd.it/f8DUOh,4,,,2026-07-08
2026-07-09,The Fly,1986,https://boxd.it/f8Yltl,3,,,2026-07-09
2026-07-10,Tomorrowland,2015,https://boxd.it/f9zvUZ,1,,,2026-07-09
2026-07-10,Blind Chance,1987,https://boxd.it/f9RnjH,4.5,,,2026-07-09
2026-07-10,Isle of Dogs,2018,https://boxd.it/fakxF7,3.5,,,2026-07-10
2026-07-12,Andrei Rublev,1966,https://boxd.it/fbSLm1,3.5,,,2026-07-12
2026-07-13,North by Northwest,1959,https://boxd.it/fcqJVV,3,,,2026-07-12
2026-07-13,mother!,2017,https://boxd.it/fcTTIP,5,,,2026-07-13
2026-07-13,Unbreakable,2000,https://boxd.it/fdsP5f,3.5,,,2026-07-13
2026-07-14,The Lord of the Rings: The Fellowship of the Ring,2001,https://boxd.it/fdEuo5,5,Yes,,2026-07-13
2026-07-14,Paths of Glory,1957,https://boxd.it/fdS5rL,3.5,,,2026-07-13
2026-07-14,Black Swan,2010,https://boxd.it/fe32wv,4,,,2026-07-14
2026-07-14,Psycho,1960,https://boxd.it/fevaSP,4.5,Yes,,2026-07-14
2026-07-15,The Lord of the Rings: The Two Towers,2002,https://boxd.it/feH31X,5,Yes,,2026-07-14
2026-07-15,12 Angry Men,1957,https://boxd.it/fePoBt,5,Yes,,2026-07-14
2026-07-15,The Village,2004,https://boxd.it/feXvA9,3.5,,,2026-07-14
2026-07-15,Stoker,2013,https://boxd.it/ffq1f9,5,,,2026-07-15
2026-07-16,Sympathy for Mr. Vengeance,2002,https://boxd.it/fftBod,3.5,,,2026-07-15
2026-07-16,The Empire Strikes Back,1980,https://boxd.it/ffyoEd,5,Yes,,2026-07-15
2026-07-16,The Wild Robot,2024,https://boxd.it/ffIKxN,3,,,2026-07-15
2026-07-16,Horse Girl,2020,https://boxd.it/ffR3VZ,3,,,2026-07-15
2026-07-16,The Lord of the Rings: The Return of the King,2003,https://boxd.it/fgkKQr,5,Yes,,2026-07-16
2026-07-17,The Odyssey,2026,https://boxd.it/fgvjFD,4,,,2026-07-16
2026-07-17,Big Hero 6,2014,https://boxd.it/fgDr0z,3.5,Yes,,2026-07-16
2026-07-17,Poor Things,2023,https://boxd.it/fgOfcP,1,,,2026-07-17
2026-07-18,The Lego Movie,2014,https://boxd.it/fivHWL,5,Yes,,2026-07-18
2026-07-19,The Lord of the Rings: The War of the Rohirrim,2024,https://boxd.it/fiS7b1,4,,,2026-07-18
2026-07-19,Despicable Me,2010,https://boxd.it/fj0ukh,4,Yes,,2026-07-18
2026-07-19,Decision to Leave,2022,https://boxd.it/fjbkL5,4,,,2026-07-19
2026-07-20,Over the Garden Wall,2014,https://boxd.it/fjSOJJ,4.5,Yes,,2026-07-19
2026-07-20,Trolls,2016,https://boxd.it/fjYmjb,3.5,Yes,,2026-07-19
2026-07-20,The Devil's Advocate,1997,https://boxd.it/fkmD9F,4,,,2026-07-20
2026-07-20,The Bad Guys,2022,https://boxd.it/fkTes9,3.5,,,2026-07-20
2026-07-21,Robin Hood,1973,https://boxd.it/fl4kQt,3.5,Yes,,2026-07-20
2026-07-21,Diggstown,1992,https://boxd.it/fliu2B,3.5,,,2026-07-20
2026-07-21,3 Women,1977,https://boxd.it/flqZjp,4.5,,,2026-07-20
2026-07-22,Hour of the Wolf,1968,https://boxd.it/fmc0Sz,3,,,2026-07-21
2026-07-22,A Short Film About Love,1988,https://boxd.it/fmCa5J,4,,,2026-07-22
2026-07-23,Mulholland Drive,2001,https://boxd.it/fnoPQn,4,,,2026-07-22
2026-07-23,Lost Highway,1997,https://boxd.it/fnMJQz,4,,,2026-07-23
2026-07-24,Inland Empire,2006,https://boxd.it/foRmij,5,,,2026-07-24
2026-07-25,Rabbits,2002,https://boxd.it/fqu9V5,,,,2026-07-25
2026-07-26,Masters of the Universe,1987,https://boxd.it/fqzZUj,1,,,2026-07-25
2026-07-27,Blue Velvet,1986,https://boxd.it/frT3Rv,1.5,,,2026-07-26
2026-07-27,The Player,1992,https://boxd.it/fs5Pb7,3.5,,,2026-07-26
2026-07-27,Masters of the Universe,2026,https://boxd.it/fspvyZ,3,,,2026-07-26
2026-07-27,PlayTime,1967,https://boxd.it/fsy7Pv,3,,,2026-07-27
2026-07-28,The Double,2013,https://boxd.it/ftgStJ,4.5,Yes,,2026-07-27
2026-07-28,Primer,2004,https://boxd.it/ftqqI7,4,Yes,,2026-07-27
2026-07-28,Anyone But You,2023,https://boxd.it/ftIv9H,,,,2026-07-27
2026-07-28,Citizen Kane,1941,https://boxd.it/ftR2MX,4,,,2026-07-28
2026-07-30,Spider-Man: Brand New Day,2026,https://boxd.it/fvGB1t,4,,,2026-07-29
2026-07-30,Annihilation,2018,https://boxd.it/fvQjvv,3.5,,,2026-07-29
2026-07-31,Face to Face,1976,https://boxd.it/fy5cW3,3,,,2026-07-31
2026-08-01,There Will Be Blood,2007,https://boxd.it/fyhUGx,4.5,,,2026-07-31
2026-08-01,Dreams,1955,https://boxd.it/fzsy0P,3,,,2026-08-01
2026-08-02,Remarkably Bright Creatures,2026,https://boxd.it/fzZpjp,2.5,,,2026-08-01
2026-08-03,Oldboy,2003,https://boxd.it/fBdFWJ,4.5,,,2026-08-02
2026-08-03,Badlands,1973,https://boxd.it/fBJGnp,5,,,2026-08-03
2026-08-04,Upstream Color,2013,https://boxd.it/fCrGGz,4,,,2026-08-03
2026-08-04,Unforgiven,1992,https://boxd.it/fCPufT,4,,,2026-08-03
2026-08-04,The Banshees of Inisherin,2022,https://boxd.it/fD2nMH,3.5,,,2026-08-04
2026-08-05,"tick, tick... BOOM!",2021,https://boxd.it/fDNdZv,3.5,,,2026-08-04
2026-08-05,Transformers,2007,https://boxd.it/fEazkF,2,,,2026-08-04
2026-08-07,Days of Heaven,1978,https://boxd.it/fG5K1R,3.5,,,2026-08-06
2026-08-07,Dunkirk,2017,https://boxd.it/fGfZFx,3.5,,,2026-08-06
2026-08-07,Transformers: Revenge of the Fallen,2009,https://boxd.it/fGALqF,1.5,,,2026-08-06
2026-08-08,The Rock,1996,https://boxd.it/fHGykb,3,,,2026-08-07
2026-08-09,Napoleon Dynamite,2004,https://boxd.it/fINv5Z,5,,,2026-08-08
2026-08-10,Under the Silver Lake,2018,https://boxd.it/fJMdKR,2.5,,,2026-08-09
2026-08-10,GoodFellas,1990,https://boxd.it/fJPlWx,4,,,2026-08-09
2026-08-10,The Fountain,2006,https://boxd.it/fK2eEH,2,,,2026-08-09
2026-08-10,The Endless,2017,https://boxd.it/fKeGpT,4,,,2026-08-09
2026-08-11,Triangle,2009,https://boxd.it/fL1DOf,5,,,2026-08-10
2026-08-11,The Red Shoes,1948,https://boxd.it/fLL06v,3.5,,,2026-08-10
2026-08-12,Black Bear,2020,https://boxd.it/fM8uqh,1.5,,,2026-08-11
2026-08-12,The Killing of a Chinese Bookie,1976,https://boxd.it/fMG0VR,2,,,2026-08-11
2026-08-13,How to Make a Killing,2026,https://boxd.it/fNbBox,3.5,,,2026-08-12
2026-08-13,First Reformed,2017,https://boxd.it/fNq7ZX,4.5,,,2026-08-12
2026-08-15,The End of Oak Street,2026,https://boxd.it/fQ0YQJ,3.5,,,2026-08-14
2026-08-16,Stoker,2013,https://boxd.it/fRaAmT,5,Yes,dvd,2026-08-15
2026-08-18,Spider-Man 3,2007,https://boxd.it/fTBSjb,5,Yes,dvd,2026-08-17
2026-08-18,Paprika,2006,https://boxd.it/fTIT6h,3.5,,,2026-08-18
2026-08-19,Millennium Actress,2001,https://boxd.it/fU8Fa7,2.5,,,2026-08-18
2026-08-20,The Social Network,2010,https://boxd.it/fVxGHl,4.5,Yes,dvd,2026-08-19
2026-08-21,Alien: Romulus,2024,https://boxd.it/fWDqLH,4.5,,,2026-08-20
2026-08-21,Whiplash,2014,https://boxd.it/fWH08H,4.5,Yes,,2026-08-21
2026-08-22,The Drama,2026,https://boxd.it/fX9Bhx,3.5,,,2026-08-21
2026-08-23,Perfect Blue,1997,https://boxd.it/fYhmDN,4.5,,,2026-08-22
2026-08-23,Doctor Strange,2016,https://boxd.it/fYqjhn,3,,,2026-08-22
2026-08-24,The Matrix,1999,https://boxd.it/fZTlJv,5,Yes,,2026-08-23
2026-08-25,Looper,2012,https://boxd.it/g0GIDj,3.5,,blu-ray,2026-08-24
2026-08-27,The Art of Self-Defense,2019,https://boxd.it/g2AU47,0.5,,,2026-08-26
2026-08-27,Doppelganger,1993,https://boxd.it/g2F4Ch,1.5,,,2026-08-26
2026-08-27,Angel's Egg,1985,https://boxd.it/g2JavJ,4,,,2026-08-26
2026-08-28,Persona,1966,https://boxd.it/g3Q1In,5,Yes,,2026-08-27
2026-08-29,Nightcrawler,2014,https://boxd.it/g4RUHl,3.5,Yes,,2026-08-29
2026-08-30,Red Rooms,2023,https://boxd.it/g5w4Wv,4,,,2026-08-29
2026-08-30,A Quiet Place in the Country,1968,https://boxd.it/g5S6rN,2,,,2026-08-29
2026-08-31,Better Off Dead...,1985,https://boxd.it/g6JxiT,2,,,2026-08-30
2026-08-31,Midnight in Paris,2011,https://boxd.it/g72IhP,2.5,,,2026-08-30
2026-09-01,May December,2023,https://boxd.it/g7QJUX,3,,,2026-08-31
2026-09-03,Fallen Angels,1995,https://boxd.it/g9AddX,3.5,,,2026-09-02
2026-09-03,The Night of the Hunter,1955,https://boxd.it/g9IVml,3.5,,,2026-09-02
2026-09-04,Morbius,2022,https://boxd.it/gaG9BH,2.5,,,2026-09-03
2026-09-06,Resurrection,2025,https://boxd.it/gc96vX,4,,profile,2026-09-05
2026-09-08,Happy Death Day,2017,https://boxd.it/gew4g1,3.5,,,2026-09-07
2026-09-10,The Master,2012,https://boxd.it/ggpMHT,3.5,,,2026-09-09
2026-09-11,The Long Goodbye,1973,https://boxd.it/gh9MUF,3.5,,,2026-09-10
2026-09-11,Night Fishing,2011,https://boxd.it/ghcViV,,,,2026-09-10
2026-09-12,Whiplash,2014,https://boxd.it/gi2RNf,4.5,Yes,,2026-09-11
2026-09-17,Harley Quinn: A Very Problematic Valentine's Day Special,2023,https://boxd.it/gm46Y1,,,,2026-09-16
2026-09-17,American Psycho,2000,https://boxd.it/gmmFP5,3.5,Yes,,2026-09-16
2026-09-17,Glass Onion,2022,https://boxd.it/gmsjeN,4,Yes,,2026-09-16
2026-09-18,The Man Who Haunted Himself,1970,https://boxd.it/gmSKhL,3,,,2026-09-17
2026-09-18,Dear Evan Hansen,2021,https://boxd.it/gnbBL1,1,,,2026-09-17
2026-09-21,Solaris,1972,https://boxd.it/gqcIwL,5,Yes,,2026-09-20
2026-09-22,The Substance,2024,https://boxd.it/gqZ66j,1.5,,,2026-09-21
2026-09-24,Changeling,2008,https://boxd.it/gsKKrJ,3.5,,blu-ray,2026-09-23
2026-09-25,Chungking Express,1994,https://boxd.it/gti7fn,3.5,,,2026-09-24
2026-09-25,Toy Story 5,2026,https://boxd.it/gtwIQj,1.5,,,2026-09-24
