Date Joined,Username,Given Name,Family Name,Email Address,Location,Website,Bio,Pronoun,Favorite Films
2025-08-12,No_Regerts,Kenan,Hager,,Duckburg,http://endless.horse/,"I rate movies based off of how much I enjoyed them; however, this coincides with what is objectively good almost 88% of the time.

<a href=""https://boxd.it/QHHmE"">FAVORITES</a>  /  <a href=""https://boxd.it/UCgvg"">DIRECTORY</a>

⭐⭐⭐⭐⭐ MASTERPIECE
⭐⭐⭐⭐✨ flawed masterpiece
⭐⭐⭐⭐ Excellent with multiple cretiques
⭐⭐⭐✨ very good
⭐⭐⭐ fine with obtrusive flaws
⭐⭐✨ just watchable, but not very enjoyable
⭐⭐ Bad, but with something at all to offer
⭐✨ really bad, but not retch worthy 
⭐ Atrocious 
✨ Literally will gauge my eyes out

I will change any rating to whatever I want whenever I want. I'm learning more and more I like trippy, complicated, hard to understand films.

Proverbs 18:2 ""A fool has no pleasure in understanding, but delight in sharing his own opinion"" 

<a href=""http://srlzd.com/u/Leafo"">Serializd</a> / <a href=""https://musicboard.app/leafo?rel=copy"">Musicboard</a>

Top 5 actors:
Jeff Goldblum
Jesse Eisenberg
Edward Norton
Jack Nicholson
Robert Pattinson",He / his,"https://boxd.it/1skk, https://boxd.it/29B4, https://boxd.it/2a1m, https://boxd.it/27V2"
