Date,Name,Year,Letterboxd URI,Rating
2026-06-05,The Fantastic 4: First Steps,2025,https://boxd.it/mP6C,3.5
2025-11-09,Inception,2010,https://boxd.it/1skk,5
2025-11-09,The Lego Movie,2014,https://boxd.it/4pDO,5
2026-06-09,Phineas and Ferb the Movie: Candace Against the Universe,2020,https://boxd.it/lTrs,2.5
2025-11-09,Space Jam: A New Legacy,2021,https://boxd.it/dd9A,2
2025-11-09,YES DAY,2021,https://boxd.it/nHgc,0.5
2025-11-09,The Sleepover,2020,https://boxd.it/nbIy,1.5
2025-11-09,Spy Kids: Armageddon,2023,https://boxd.it/tJMQ,0.5
2025-11-09,The Emoji Movie,2017,https://boxd.it/d9x4,1
2025-11-09,We Can Be Heroes,2020,https://boxd.it/mLc2,1
2025-11-09,The Adventures of Sharkboy and Lavagirl,2005,https://boxd.it/1Ozm,1
2025-11-09,Spy Kids: All the Time in the World,2011,https://boxd.it/ptm,0.5
2026-07-22,Spy Kids 3-D: Game Over,2003,https://boxd.it/1S7w,2
2025-11-09,Spy Kids 2: The Island of Lost Dreams,2002,https://boxd.it/1Yyo,2.5
2025-11-09,Spy Kids,2001,https://boxd.it/1Xcw,3
2026-09-05,Fantastic Four,2015,https://boxd.it/5a9c,1
2026-10-03,It Ends with Us,2024,https://boxd.it/ENjg,3.5
2025-11-09,Independence Day,1996,https://boxd.it/2a1w,3.5
2025-11-09,Hereditary,2018,https://boxd.it/hNVe,4
2025-11-09,Coraline,2009,https://boxd.it/1NhQ,4
2025-11-09,The Silence of the Lambs,1991,https://boxd.it/2aHW,4.5
2025-11-09,Inglourious Basterds,2009,https://boxd.it/1JzG,4
2025-11-09,It's a Wonderful Life,1946,https://boxd.it/28xA,4
2025-11-09,Dr. Strangelove or: How I Learned to Stop Worrying and Love the Bomb,1964,https://boxd.it/29eY,4
2025-11-09,Se7en,1995,https://boxd.it/29zs,5
2025-11-09,A Knight's Tale,2001,https://boxd.it/1YAk,4
2025-11-09,The Social Network,2010,https://boxd.it/17ue,4.5
2026-05-09,The Dark Knight Rises,2012,https://boxd.it/H3m,3.5
2026-06-12,Serenity,2005,https://boxd.it/1Km4,3.5
2025-11-09,Beetlejuice,1988,https://boxd.it/24QI,3
2026-07-14,Avengers: Infinity War,2018,https://boxd.it/9vEe,3
2025-11-09,Scream 2,1997,https://boxd.it/24Es,3
2025-11-09,Home,2015,https://boxd.it/6JxA,3
2025-11-09,Fight Club,1999,https://boxd.it/2a9q,3.5
2025-11-09,Scott Pilgrim Takes Off,2023,https://boxd.it/JLZk,4
2025-11-09,Scott Pilgrim vs. the World,2010,https://boxd.it/1Aq6,3.5
2025-11-09,The Dictator,2012,https://boxd.it/2DEW,2.5
2025-11-09,Click,2006,https://boxd.it/1YVM,3.5
2025-11-09,Murder Mystery,2019,https://boxd.it/iEBm,3.5
2025-11-09,The Lost Boys,1987,https://boxd.it/28DI,3
2026-10-02,This Is Spinal Tap,1984,https://boxd.it/1UOs,3.5
2025-11-09,"Batman: The Dark Knight Returns, Part 1",2012,https://boxd.it/43Is,3.5
2025-11-09,Now You See Me,2013,https://boxd.it/2Bsu,3.5
2025-11-09,One Battle After Another,2025,https://boxd.it/DUHM,2.5
2025-11-09,My Big Fat Greek Wedding,2002,https://boxd.it/20k4,3.5
2025-11-09,How to Train Your Dragon 2,2014,https://boxd.it/2TRW,4
2026-10-03,Gifted,2017,https://boxd.it/e5dG,3
2025-11-09,The Little Mermaid,1989,https://boxd.it/1WYO,2.5
2026-10-03,Pokémon Detective Pikachu,2019,https://boxd.it/fVA0,3
2025-11-09,Pulp Fiction,1994,https://boxd.it/29Pq,2
2026-03-13,The Conjuring,2013,https://boxd.it/4sr2,3
2025-11-09,American Psycho,2000,https://boxd.it/28Vs,3.5
2025-11-09,The Fox and the Hound,1981,https://boxd.it/1V0o,2.5
2026-03-13,Star Wars: Clone Wars,2003,https://boxd.it/SUlc,4
2026-07-22,Star Wars: The Clone Wars,2008,https://boxd.it/1Sly,3
2025-11-09,Sherlock Holmes: A Game of Shadows,2011,https://boxd.it/k3S,4
2025-11-09,National Treasure,2004,https://boxd.it/27x0,3.5
2025-11-09,Raiders of the Lost Ark,1981,https://boxd.it/2bbs,3.5
2025-11-09,Pirates of the Caribbean: At World's End,2007,https://boxd.it/2aGu,3.5
2026-05-23,Mission: Impossible II,2000,https://boxd.it/29cS,2
2025-11-09,Ghostbusters,1984,https://boxd.it/g2w,3.5
2026-07-23,The Greatest Showman,2017,https://boxd.it/acjI,3
2026-03-04,Knight and Day,2010,https://boxd.it/17po,3
2026-07-29,The Outsiders,1983,https://boxd.it/2aPw,3
2025-11-09,50 First Dates,2004,https://boxd.it/285c,2.5
2025-11-09,The Holiday,2006,https://boxd.it/28ye,3.5
2025-11-09,Space Jam,1996,https://boxd.it/26YO,2
2026-07-22,Meet the Robinsons,2007,https://boxd.it/28Ym,3.5
2025-11-09,The Natural,1984,https://boxd.it/1TX4,3.5
2025-11-09,Mamma Mia!,2008,https://boxd.it/1Tnq,0.5
2026-05-29,Soul,2020,https://boxd.it/ioLA,2.5
2025-11-09,The Last Samurai,2003,https://boxd.it/29ZA,3.5
2025-11-09,Top Gun,1986,https://boxd.it/29JC,3.5
2025-11-09,Mission: Impossible – Rogue Nation,2015,https://boxd.it/5rI4,3.5
2026-04-24,La La Land,2016,https://boxd.it/a5fa,3.5
2025-11-09,How to Lose a Guy in 10 Days,2003,https://boxd.it/1XwG,3.5
2026-06-09,The Proposal,2009,https://boxd.it/1HiS,3
2026-05-29,Wonka,2023,https://boxd.it/tCQm,3
2026-04-24,Moneyball,2011,https://boxd.it/glS,4.5
2025-11-09,The Italian Job,2003,https://boxd.it/1Y86,3
2025-11-09,The Bourne Identity,2002,https://boxd.it/26EO,4
2025-11-09,Mission: Impossible – Ghost Protocol,2011,https://boxd.it/psI,4
2025-11-09,Edge of Tomorrow,2014,https://boxd.it/4pD0,4
2025-11-09,Mission: Impossible – Fallout,2018,https://boxd.it/bSVc,4
2026-03-18,Jerry Maguire,1996,https://boxd.it/1YNS,4.5
2025-11-09,Finding Nemo,2003,https://boxd.it/72i,2.5
2025-11-09,Jojo Rabbit,2019,https://boxd.it/iEBG,4
2025-11-09,Hidden Figures,2016,https://boxd.it/dgS4,3
2025-11-09,IF,2024,https://boxd.it/nJwG,1
2026-07-16,Jack the Giant Slayer,2013,https://boxd.it/2Pwq,3
2025-11-09,A Goofy Movie,1995,https://boxd.it/1Lwu,3
2026-07-21,Robin Hood,1973,https://boxd.it/1SRa,3.5
2026-05-21,Mulan,1998,https://boxd.it/1VFw,3
2025-11-09,Mr. Popper's Penguins,2011,https://boxd.it/kRS,2.5
2025-11-09,Despicable Me 3,2017,https://boxd.it/azpu,3
2025-11-09,Despicable Me 2,2013,https://boxd.it/3gg0,3.5
2025-11-09,Jumper,2008,https://boxd.it/20ss,3
2026-06-05,Spies in Disguise,2019,https://boxd.it/fjf4,3
2025-11-09,Hercules,1997,https://boxd.it/1SDW,2.5
2025-11-09,Captain America: The Winter Soldier,2014,https://boxd.it/3r58,3.5
2025-11-09,Iron Man,2008,https://boxd.it/28dA,3
2025-11-09,The Avengers,2012,https://boxd.it/1xFW,3
2025-11-09,X2,2003,https://boxd.it/1a7i,3
2026-07-17,Fantastic Four: Rise of the Silver Surfer,2007,https://boxd.it/27Ii,2
2026-09-14,Fantastic Four,2005,https://boxd.it/1XVw,2.5
2025-11-09,The Smurfs,2011,https://boxd.it/Zcm,1.5
2025-11-09,The Smurfs 2,2013,https://boxd.it/2HvO,1.5
2026-07-10,Alvin and the Chipmunks: The Road Chip,2015,https://boxd.it/7DWQ,1
2025-11-09,Alvin and the Chipmunks: Chipwrecked,2011,https://boxd.it/s9E,2
2025-11-09,Alvin and the Chipmunks: The Squeakquel,2009,https://boxd.it/1zgk,2.5
2025-11-09,Alvin and the Chipmunks,2007,https://boxd.it/21E0,2.5
2025-11-09,Chicken Little,2005,https://boxd.it/1Xnu,2.5
2025-11-09,Horton Hears a Who!,2008,https://boxd.it/1SfA,2
2025-11-09,A Christmas Carol,2009,https://boxd.it/1HKW,3
2025-11-09,The Chronicles of Narnia: The Voyage of the Dawn Treader,2010,https://boxd.it/1WZs,3.5
2025-11-09,Night at the Museum: Battle of the Smithsonian,2009,https://boxd.it/1H7U,3
2025-11-09,Night at the Museum,2006,https://boxd.it/28wi,3.5
2025-11-09,Night at the Museum: Secret of the Tomb,2014,https://boxd.it/5x3m,3
2025-11-09,Thor: Ragnarok,2017,https://boxd.it/8MHi,2.5
2025-11-09,The Amazing Spider-Man 2,2014,https://boxd.it/3utM,3
2026-06-05,Noelle,2019,https://boxd.it/gdzE,2
2026-06-05,The Christmas Chronicles: Part Two,2020,https://boxd.it/ojzm,2
2026-07-29,The Christmas Chronicles,2018,https://boxd.it/ja7e,3
2025-11-09,The Little Mermaid,2023,https://boxd.it/fVum,1
2026-09-26,Toy Story 2,1999,https://boxd.it/29qq,3.5
2025-11-09,Shrek 2,2004,https://boxd.it/29z8,3.5
2026-04-04,Shrek,2001,https://boxd.it/29zi,3.5
2025-11-09,Elf,2003,https://boxd.it/1VyK,3
2025-11-09,How the Grinch Stole Christmas,2000,https://boxd.it/1ZHQ,1.5
2026-07-29,Home Alone,1990,https://boxd.it/29Fg,3
2025-11-09,Home Alone 2: Lost in New York,1992,https://boxd.it/29F6,3
2025-11-09,The Goonies,1985,https://boxd.it/1YVC,2.5
2026-07-03,Hook,1991,https://boxd.it/29nQ,2.5
2026-07-16,"The Chronicles of Narnia: The Lion, the Witch and the Wardrobe",2005,https://boxd.it/2ark,3
2025-11-09,Jumanji,1995,https://boxd.it/1ZLI,1
2025-11-09,Willy Wonka & the Chocolate Factory,1971,https://boxd.it/2aLu,4
2025-11-09,Charlie and the Chocolate Factory,2005,https://boxd.it/2b68,2
2026-07-17,Harry Potter and the Order of the Phoenix,2007,https://boxd.it/29Qe,3
2026-06-05,Harry Potter and the Goblet of Fire,2005,https://boxd.it/29Qo,3
2026-06-05,Harry Potter and the Prisoner of Azkaban,2004,https://boxd.it/29Qy,3.5
2026-07-17,Harry Potter and the Chamber of Secrets,2002,https://boxd.it/29QI,3
2026-06-05,Harry Potter and the Philosopher's Stone,2001,https://boxd.it/29QS,3
2026-09-13,Harry Potter and the Deathly Hallows: Part 1,2010,https://boxd.it/1RYu,3.5
2026-06-05,Fantastic Beasts and Where to Find Them,2016,https://boxd.it/7FPC,2.5
2025-11-09,Fantastic Beasts: The Secrets of Dumbledore,2022,https://boxd.it/bg8Q,1.5
2025-11-09,Fantastic Beasts: The Crimes of Grindelwald,2018,https://boxd.it/bg8G,3.5
2026-06-09,Aladdin,2019,https://boxd.it/eSjy,3
2026-07-19,Jumanji: The Next Level,2019,https://boxd.it/ixu4,1.5
2026-07-19,Jumanji: Welcome to the Jungle,2017,https://boxd.it/bUeE,2.5
2025-11-09,The Santa Clause,1994,https://boxd.it/1TWK,2
2025-11-09,17 Again,2009,https://boxd.it/1Jnq,3.5
2025-11-09,Happy Feet,2006,https://boxd.it/1XH0,2.5
2026-10-03,Pirates of the Caribbean: Dead Men Tell No Tales,2017,https://boxd.it/5a9m,2.5
2025-11-09,Pirates of the Caribbean: On Stranger Tides,2011,https://boxd.it/27Z4,3
2025-11-09,The Hobbit: The Desolation of Smaug,2013,https://boxd.it/nmS,3.5
2025-11-09,The Hobbit: An Unexpected Journey,2012,https://boxd.it/GZk,3.5
2026-09-13,The Hobbit: The Battle of the Five Armies,2014,https://boxd.it/43aU,3
2025-11-09,Bigfoot Family,2020,https://boxd.it/qgVI,0.5
2025-11-09,The Brave Little Toaster Goes to Mars,1998,https://boxd.it/1DA4,2.5
2025-11-09,Madagascar,2005,https://boxd.it/29dc,3
2025-11-09,A Monster in Paris,2011,https://boxd.it/2Ghc,2
2025-11-09,Catch Me If You Can,2002,https://boxd.it/29VS,4.5
2026-07-23,Aladdin,1992,https://boxd.it/29yE,3
2025-11-09,The Emperor's New Groove,2000,https://boxd.it/1Tey,4
2026-07-14,Treasure Planet,2002,https://boxd.it/1Znm,3
2025-11-09,The Polar Express,2004,https://boxd.it/23am,2.5
2026-05-24,The Blind Side,2009,https://boxd.it/1zWg,3
2025-11-09,Glory Road,2006,https://boxd.it/1XwQ,3.5
2025-11-09,Flushed Away,2006,https://boxd.it/1Tpm,3
2025-11-09,Bee Movie,2007,https://boxd.it/22Vw,3
2025-11-09,Ice Age,2002,https://boxd.it/2apS,3
2026-07-23,Bolt,2008,https://boxd.it/1QXg,3
2025-11-09,Monsters vs Aliens,2009,https://boxd.it/1M50,2.5
2026-07-10,Ice Age: The Meltdown,2006,https://boxd.it/2wRk,3.5
2025-11-09,Ice Age: Dawn of the Dinosaurs,2009,https://boxd.it/20iC,3.5
2026-09-13,The Princess and the Frog,2009,https://boxd.it/1WQq,2.5
2026-09-14,Madagascar: Escape 2 Africa,2008,https://boxd.it/1W2K,2.5
2026-09-13,Cars 2,2011,https://boxd.it/H4Y,3
2026-07-10,Ice Age: Continental Drift,2012,https://boxd.it/lQ2,2.5
2026-07-18,Madagascar 3: Europe's Most Wanted,2012,https://boxd.it/2NF6,2
2026-07-10,Brave,2012,https://boxd.it/bVG,2
2026-06-05,Monsters University,2013,https://boxd.it/bQm,3.5
2025-11-09,Hotel Transylvania,2012,https://boxd.it/2DF6,2.5
2026-07-16,Frozen,2013,https://boxd.it/3GNa,3
2025-11-09,Rio,2011,https://boxd.it/NKc,3
2026-09-10,Epic,2013,https://boxd.it/3SNm,2.5
2025-11-09,Rio 2,2014,https://boxd.it/5jfy,3
2025-11-09,Penguins of Madagascar,2014,https://boxd.it/89tc,3
2025-11-09,Mr. Peabody & Sherman,2014,https://boxd.it/2TRM,2.5
2025-11-09,The Book of Life,2014,https://boxd.it/6JKY,3.5
2026-10-03,The Peanuts Movie,2015,https://boxd.it/6Jci,3
2025-11-09,The Good Dinosaur,2015,https://boxd.it/3AD4,2.5
2025-11-09,The Secret Life of Pets,2016,https://boxd.it/aJ5E,2
2026-09-13,The Angry Birds Movie,2016,https://boxd.it/4PBu,3
2026-07-23,Minions,2015,https://boxd.it/6jCO,2.5
2025-11-09,Smurfs: The Lost Village,2017,https://boxd.it/4pCG,2.5
2026-07-18,Finding Dory,2016,https://boxd.it/4aAA,2.5
2026-07-23,Ballerina,2016,https://boxd.it/bpga,2.5
2025-11-09,The Secret Life of Pets 2,2019,https://boxd.it/ewPM,2
2025-11-09,Storks,2016,https://boxd.it/aUo8,3
2026-09-13,Sing,2016,https://boxd.it/b5EQ,1
2025-11-09,The Grinch,2018,https://boxd.it/chpK,2
2025-11-09,The Lego Movie 2: The Second Part,2019,https://boxd.it/8BAU,2.5
2025-11-09,Despicable Me 4,2024,https://boxd.it/iOLG,2
2025-11-09,The Croods: A New Age,2020,https://boxd.it/jeHK,1.5
2026-07-23,Elemental,2023,https://boxd.it/ASiE,2.5
2026-08-31,Leo,2023,https://boxd.it/EGzm,2
2026-09-14,Raya and the Last Dragon,2021,https://boxd.it/jbkI,2.5
2026-06-09,Minions: The Rise of Gru,2022,https://boxd.it/fz9w,1
2025-11-09,Ferdinand,2017,https://boxd.it/cC7i,2.5
2025-11-09,The Croods,2013,https://boxd.it/FRE,2.5
2026-10-03,The Lorax,2012,https://boxd.it/2w9M,3
2025-11-09,Trolls,2016,https://boxd.it/4p8Q,3.5
2025-11-09,How to Train Your Dragon: The Hidden World,2019,https://boxd.it/5a9w,3
2025-11-09,Kung Fu Panda 2,2011,https://boxd.it/G36,3.5
2026-06-09,Kung Fu Panda 3,2016,https://boxd.it/4uRQ,3
2026-07-04,The Boss Baby,2017,https://boxd.it/9mfO,3
2026-06-05,Kung Fu Panda 4,2024,https://boxd.it/CepE,1.5
2025-11-09,The Lion King,2019,https://boxd.it/eSjI,1
2025-11-09,Moana,2016,https://boxd.it/8tfY,3
2025-11-09,Inside Out 2,2024,https://boxd.it/CFrC,3.5
2025-11-09,Sonic the Hedgehog 3,2024,https://boxd.it/zq0U,4
2026-06-09,Sonic the Hedgehog 2,2022,https://boxd.it/pb8O,2.5
2026-10-03,Sonic the Hedgehog,2020,https://boxd.it/gdK8,3
2025-11-09,Lightyear,2022,https://boxd.it/qV1G,0.5
2026-07-14,Ron's Gone Wrong,2021,https://boxd.it/hlj2,3
2026-09-09,Frozen II,2019,https://boxd.it/aPvo,2
2025-11-09,Ultraman: Rising,2024,https://boxd.it/vfFa,1.5
2025-11-09,Rise of the Guardians,2012,https://boxd.it/2PXw,3
2026-09-06,Nimona,2023,https://boxd.it/Aiyc,3.5
2025-11-09,Onward,2020,https://boxd.it/io92,3
2025-11-09,Luca,2021,https://boxd.it/ipjC,2
2025-11-09,The Angry Birds Movie 2,2019,https://boxd.it/gdL6,2.5
2026-09-17,Encanto,2021,https://boxd.it/kPRu,2
2025-11-09,Cloudy with a Chance of Meatballs 2,2013,https://boxd.it/3GMw,3
2025-11-09,Cloudy with a Chance of Meatballs,2009,https://boxd.it/1A40,3
2026-09-04,The Mitchells vs. the Machines,2021,https://boxd.it/i7xm,3.5
2025-11-09,The Lego Ninjago Movie,2017,https://boxd.it/8lEw,3
2025-11-09,Cars 3,2017,https://boxd.it/7IPq,2
2025-11-09,Spider-Man: Homecoming,2017,https://boxd.it/aboM,3
2026-06-07,Toy Story 4,2019,https://boxd.it/9ALu,2
2026-07-23,Solo: A Star Wars Story,2018,https://boxd.it/bGWs,3
2025-11-09,Rogue One: A Star Wars Story,2016,https://boxd.it/aPvy,5
2025-11-09,Star Wars: The Last Jedi,2017,https://boxd.it/5xme,2
2026-03-13,Phineas and Ferb The Movie: Across the 2nd Dimension,2011,https://boxd.it/2ql8,3
2026-03-23,Batman and Robin,1949,https://boxd.it/3gAO,1
2025-11-09,The Lego Batman Movie,2017,https://boxd.it/azp0,4.5
2025-11-09,Despicable Me,2010,https://boxd.it/1DD8,4
2025-11-09,Tangled,2010,https://boxd.it/15gO,4
2026-07-22,Ralph Breaks the Internet,2018,https://boxd.it/edAy,1.5
2026-03-13,Wreck-It Ralph,2012,https://boxd.it/2TTS,3.5
2026-05-21,The Super Mario Bros. Movie,2023,https://boxd.it/i8C8,3
2025-11-09,WALL·E,2008,https://boxd.it/1VEo,4
2026-06-05,Harry Potter and the Half-Blood Prince,2009,https://boxd.it/29FU,3.5
2026-03-18,Silverado,1985,https://boxd.it/1TGC,4.5
2025-11-09,Life Is Beautiful,1997,https://boxd.it/29Wm,4
2025-11-09,Star Wars: Episode III – Revenge of the Sith,2005,https://boxd.it/27US,4.5
2025-11-09,Star Wars: Episode II – Attack of the Clones,2002,https://boxd.it/27V2,5
2025-11-09,Pirates of the Caribbean: Dead Man's Chest,2006,https://boxd.it/2bfk,3.5
2026-06-05,Sherlock Holmes,2009,https://boxd.it/1W2A,3.5
2025-11-09,Ocean's Eleven,2001,https://boxd.it/2aZm,4
2025-11-09,Mission: Impossible,1996,https://boxd.it/29d2,5
2026-08-30,Pirates of the Caribbean: The Curse of the Black Pearl,2003,https://boxd.it/70G,4
2025-11-09,The Passion of the Christ,2004,https://boxd.it/29ZK,4
2025-11-09,Jesus Revolution,2023,https://boxd.it/qWO0,4
2026-06-05,The Hill,2023,https://boxd.it/wzY4,3
2026-04-01,American Underdog,2021,https://boxd.it/p4Rs,3.5
2026-08-16,Rudy,1993,https://boxd.it/1NUe,3.5
2026-06-12,Remember the Titans,2000,https://boxd.it/1VLk,4.5
2025-11-09,Glass Onion,2022,https://boxd.it/oCkK,4
2025-11-09,Knives Out,2019,https://boxd.it/jWEA,4
2025-11-09,Cloverfield,2008,https://boxd.it/2192,4
2025-11-09,10 Things I Hate About You,1999,https://boxd.it/23AO,4.5
2025-11-09,The Princess Bride,1987,https://boxd.it/26EY,5
2025-11-09,Over the Garden Wall,2014,https://boxd.it/eqFw,4.5
2025-11-09,Rocky,1976,https://boxd.it/28Uk,5
2026-09-13,"Monsters, Inc.",2001,https://boxd.it/2a46,3
2025-11-09,Ratatouille,2007,https://boxd.it/27ww,2.5
2025-11-09,Harry Potter and the Deathly Hallows: Part 2,2011,https://boxd.it/1RYk,4
2025-11-09,Inside Out,2015,https://boxd.it/4KHC,3
2026-08-19,Klaus,2019,https://boxd.it/ipoi,3
2025-11-09,Monty Python and the Holy Grail,1975,https://boxd.it/29GI,4.5
2025-11-09,Shutter Island,2010,https://boxd.it/1U82,5
2026-07-14,Up,2009,https://boxd.it/1OEc,3
2025-11-09,2001: A Space Odyssey,1968,https://boxd.it/2bf0,2.5
2026-07-22,Toy Story 3,2010,https://boxd.it/1WRe,3
2026-07-23,Toy Story,1995,https://boxd.it/29qA,2.5
2025-11-09,Memento,2000,https://boxd.it/2bcK,4
2025-11-09,Spider-Man: Far From Home,2019,https://boxd.it/fegG,2.5
2025-11-09,Spider-Man: No Way Home,2021,https://boxd.it/nwRw,3.5
2026-05-09,Batman Begins,2005,https://boxd.it/2aIg,3.5
2025-11-09,Batman v Superman: Dawn of Justice,2016,https://boxd.it/6fBW,3
2025-11-09,Shazam!,2019,https://boxd.it/8WBu,2.5
2026-09-25,Alita: Battle Angel,2019,https://boxd.it/e0rS,4
2025-11-09,Avatar,2009,https://boxd.it/1Efm,2.5
2025-11-09,Guardians of the Galaxy Vol. 2,2017,https://boxd.it/8MxC,2
2025-11-09,Guardians of the Galaxy,2014,https://boxd.it/3VH2,3
2025-11-09,X-Men: Days of Future Past,2014,https://boxd.it/4aRw,5
2025-11-09,X-Men: First Class,2011,https://boxd.it/FOA,3.5
2026-07-17,X-Men,2000,https://boxd.it/1a7s,3.5
2025-11-09,Batman,1989,https://boxd.it/2aIU,4.5
2025-11-09,Tombstone,1993,https://boxd.it/1SE6,5
2026-07-16,The Dark Knight,2008,https://boxd.it/2b0k,4.5
2026-06-12,Captain America: The First Avenger,2011,https://boxd.it/28b0,4
2025-11-09,Captain America: Civil War,2016,https://boxd.it/89Ja,4
2025-11-09,The Amazing Spider-Man,2012,https://boxd.it/27PI,4.5
2025-11-09,Spider-Man 3,2007,https://boxd.it/2a7Y,5
2025-11-09,Spider-Man,2002,https://boxd.it/2a8i,4.5
2026-08-19,Star Wars: The Force Awakens,2015,https://boxd.it/4vru,3
2026-06-09,Star Wars: The Rise of Skywalker,2019,https://boxd.it/5xlK,2.5
2026-06-12,Return of the Jedi,1983,https://boxd.it/27Vm,4.5
2026-07-17,Braveheart,1995,https://boxd.it/2aTI,4
2026-10-02,Jurassic Park,1993,https://boxd.it/2aA2,3.5
2025-11-09,Tenet,2020,https://boxd.it/leq4,5
2025-11-09,Scream,1996,https://boxd.it/24EC,5
2026-05-29,Star Wars: Episode I – The Phantom Menace,1999,https://boxd.it/27Vc,3
2026-05-29,Avengers: Age of Ultron,2015,https://boxd.it/3qi6,3
2026-08-06,Thor,2011,https://boxd.it/1WQU,3.5
2025-11-09,Spider-Man 2,2004,https://boxd.it/2a88,4
2025-11-09,The Batman,2022,https://boxd.it/eDGs,5
2025-11-09,Zootopia,2016,https://boxd.it/84xS,3
2025-11-09,Incredibles 2,2018,https://boxd.it/7IPg,2.5
2025-11-09,Puss in Boots: The Last Wish,2022,https://boxd.it/aaie,3.5
2025-11-09,Kung Fu Panda,2008,https://boxd.it/1Yws,3.5
2025-11-09,The Incredibles,2004,https://boxd.it/1XLm,4
2026-07-17,Big Hero 6,2014,https://boxd.it/5rje,3.5
2025-11-09,The Nightmare Before Christmas,1993,https://boxd.it/1YzQ,3.5
2025-11-09,Corpse Bride,2005,https://boxd.it/24WQ,2.5
2025-11-09,Rango,2011,https://boxd.it/QPk,3.5
2025-11-09,Megamind,2010,https://boxd.it/16Sk,3.5
2026-06-05,Turbo,2013,https://boxd.it/2Hzw,3.5
2025-11-09,Planes,2013,https://boxd.it/4Na2,2
2025-11-09,Cars,2006,https://boxd.it/29ho,4.5
2025-11-09,Coco,2017,https://boxd.it/bYJQ,0.5
2025-11-09,How to Train Your Dragon,2010,https://boxd.it/1WRy,4.5
2025-11-09,Spider-Man: Into the Spider-Verse,2018,https://boxd.it/azpY,5
2026-03-23,Mission: Impossible – Dead Reckoning,2023,https://boxd.it/l7zS,4
2025-11-09,Top Gun: Maverick,2022,https://boxd.it/cjr4,5
2025-11-09,Oppenheimer,2023,https://boxd.it/wUow,4.5
2026-03-13,Dune,2021,https://boxd.it/fA7G,4
2025-11-09,Dune: Part Two,2024,https://boxd.it/pUfA,5
2025-11-09,Wicked,2024,https://boxd.it/e8ME,4
2025-11-28,Heads of State,2025,https://boxd.it/s9tG,3
2026-05-23,Mission: Impossible – The Final Reckoning,2025,https://boxd.it/l7A2,3
2026-10-03,The Amateur,2025,https://boxd.it/F9NW,3
2025-11-09,Happy Gilmore,1996,https://boxd.it/1Yey,3
2025-11-09,Superman,2025,https://boxd.it/E9IU,3.5
2026-06-10,Modern Times,1936,https://boxd.it/25MC,2.5
2025-11-09,Alien,1979,https://boxd.it/2awY,5
2026-09-28,The Usual Suspects,1995,https://boxd.it/29XE,4.5
2025-11-09,Cinema Paradiso,1988,https://boxd.it/1UlA,2
2025-11-09,Spider-Man: Across the Spider-Verse,2023,https://boxd.it/kSz4,5
2026-07-24,The Prestige,2006,https://boxd.it/293w,4.5
2025-11-09,The Lion King,1994,https://boxd.it/201Q,2.5
2025-11-09,Gladiator,2000,https://boxd.it/2b9m,5
2025-11-09,Back to the Future,1985,https://boxd.it/2b8e,4
2026-07-16,Star Wars,1977,https://boxd.it/72s,4.5
2026-08-19,Interstellar,2014,https://boxd.it/4VZ8,3
2025-11-09,The Matrix,1999,https://boxd.it/2a1m,5
2025-11-09,The Empire Strikes Back,1980,https://boxd.it/27Vw,5
2025-11-09,The Lord of the Rings: The Two Towers,2002,https://boxd.it/2b5E,5
2026-03-18,Forrest Gump,1994,https://boxd.it/728,4
2025-11-09,The Lord of the Rings: The Fellowship of the Ring,2001,https://boxd.it/2b5O,5
2025-11-09,The Lord of the Rings: The Return of the King,2003,https://boxd.it/2b5u,5
2025-11-09,The Shawshank Redemption,1994,https://boxd.it/2aHi,5
2026-08-03,Dumb and Dumber,1994,https://boxd.it/206m,4
2025-11-09,Napoleon Dynamite,2004,https://boxd.it/20wu,5
2025-11-10,Regretting You,2025,https://boxd.it/OGKY,3
2026-06-21,Mickey 17,2025,https://boxd.it/q1Dk,2.5
2025-11-13,Uncut Gems,2019,https://boxd.it/gXGc,4
2025-11-16,The Conjuring 2,2016,https://boxd.it/7GJg,2.5
2026-04-08,God's Not Dead 2,2016,https://boxd.it/bDUS,2.5
2025-11-21,The Shining,1980,https://boxd.it/29Nu,4
2025-11-24,Psych: The Movie,2017,https://boxd.it/glVo,3
2025-11-24,Psych 2: Lassie Come Home,2020,https://boxd.it/lpbY,3.5
2025-11-26,Eddington,2025,https://boxd.it/o6MC,4
2026-06-05,The Legend of Frosty the Snowman,2005,https://boxd.it/1qDk,3
2025-11-28,Norm of the North,2016,https://boxd.it/8qZE,1
2025-11-28,Norm of the North: Keys to the Kingdom,2018,https://boxd.it/jVuu,0.5
2026-06-13,The Count of Monte Cristo,2002,https://boxd.it/1U24,4.5
2025-12-04,Good Will Hunting,1997,https://boxd.it/2ahY,4.5
2025-12-09,Punch-Drunk Love,2002,https://boxd.it/20E4,4
2026-06-17,Midsommar,2019,https://boxd.it/jhxe,3.5
2025-12-15,12 Angry Men,1957,https://boxd.it/2auI,5
2026-10-02,Rear Window,1954,https://boxd.it/2a6Q,3.5
2025-12-24,The Phoenician Scheme,2025,https://boxd.it/H0Ca,4
2025-12-15,Wake Up Dead Man,2025,https://boxd.it/uAKS,4
2026-08-30,Doctor Sleep,2019,https://boxd.it/i5vI,3.5
2025-12-15,Zodiac,2007,https://boxd.it/27MO,4.5
2025-12-16,Opposite Day,2009,https://boxd.it/rms,1.5
2025-12-16,Batman: Mask of the Phantasm,1993,https://boxd.it/1N6S,4
2025-12-16,Hitch,2005,https://boxd.it/205o,4
2025-12-16,Courageous,2011,https://boxd.it/2oYW,4
2025-12-16,Gone in Sixty Seconds,2000,https://boxd.it/1Y4y,4
2026-10-02,The Lord of the Rings: The War of the Rohirrim,2024,https://boxd.it/vDNs,3.5
2026-07-28,KPop Demon Hunters,2025,https://boxd.it/ufwK,3
2025-12-21,Bullet Train,2022,https://boxd.it/qW26,3.5
2025-12-21,The BFG,2016,https://boxd.it/81cs,2.5
2025-12-21,The Lighthouse,2019,https://boxd.it/icFU,3.5
2025-12-21,Interview with the Vampire,1994,https://boxd.it/29XO,3
2025-12-24,Hacksaw Ridge,2016,https://boxd.it/azew,4.5
2026-07-03,Ready Player One,2018,https://boxd.it/aZes,3
2026-06-05,Facing the Giants,2006,https://boxd.it/1G2u,3.5
2025-12-30,Rocky II,1979,https://boxd.it/28Ua,3.5
2025-12-30,Rocky III,1982,https://boxd.it/28Tw,3
2025-12-30,Rocky IV,1985,https://boxd.it/28T2,3.5
2026-04-24,Death on the Nile,2022,https://boxd.it/ifpg,3.5
2025-12-30,Murder on the Orient Express,2017,https://boxd.it/dHjA,3.5
2026-07-17,Miracle,2004,https://boxd.it/1OmM,3.5
2026-10-03,42,2013,https://boxd.it/3GBo,3
2026-06-05,Hoosiers,1986,https://boxd.it/22Ke,2.5
2025-12-31,Overcomer,2019,https://boxd.it/jb9K,2.5
2025-12-31,Safety,2020,https://boxd.it/rglM,3
2025-12-31,Believe,2013,https://boxd.it/6JTm,2
2025-12-31,The Mighty Ducks,1992,https://boxd.it/1Wka,1.5
2025-12-31,The Big Green,1995,https://boxd.it/1tTg,1
2026-07-29,Zootopia 2,2025,https://boxd.it/F0vO,3
2026-07-10,Hugo,2011,https://boxd.it/R08,2
2026-01-10,Once Upon a Time... in Hollywood,2019,https://boxd.it/gH0O,3.5
2026-01-10,Parasite,2019,https://boxd.it/hTha,5
2026-01-10,Little Women,2019,https://boxd.it/aSVk,3.5
2026-01-10,Thunderbolts*,2025,https://boxd.it/BfbQ,3.5
2026-08-02,Dead Poets Society,1989,https://boxd.it/2aSg,4.5
2026-01-10,Mr. & Mrs. Smith,2005,https://boxd.it/29CG,3.5
2026-01-10,Jack Reacher: Never Go Back,2016,https://boxd.it/buAY,3
2026-09-13,Is This Thing On?,2025,https://boxd.it/H73Q,3.5
2026-01-13,Donnie Darko,2001,https://boxd.it/2b2A,3.5
2026-06-05,Get Smart,2008,https://boxd.it/1Tig,3
2026-06-09,The Wolf of Wall Street,2013,https://boxd.it/3C1m,2
2026-01-19,Marty Supreme,2025,https://boxd.it/Off0,4.5
2026-01-19,War of the Worlds,2025,https://boxd.it/so0a,1
2026-01-20,American History X,1998,https://boxd.it/2bdo,5
2026-07-29,The Bling Ring,2013,https://boxd.it/3lPY,2.5
2026-01-23,Casablanca,1942,https://boxd.it/2aG0,4
2026-01-24,Beautiful Boy,2018,https://boxd.it/g76Q,4
2026-01-26,Blade Runner 2049,2017,https://boxd.it/b8wK,3.5
2026-01-26,Prisoners,2013,https://boxd.it/4E5i,4.5
2026-01-31,Eternal Sunshine of the Spotless Mind,2004,https://boxd.it/6YK,5
2026-01-31,Guardians of the Galaxy Vol. 3,2023,https://boxd.it/fVNI,3.5
2026-09-14,Big Fish,2003,https://boxd.it/2a3M,2.5
2026-02-11,In the Mood for Love,2000,https://boxd.it/29tE,3.5
2026-04-10,A Clockwork Orange,1971,https://boxd.it/2aVE,3
2026-06-17,The Martian,2015,https://boxd.it/8SeG,3.5
2026-02-15,V for Vendetta,2005,https://boxd.it/29Ik,4.5
2026-06-09,Constantine,2005,https://boxd.it/2a7E,2
2026-02-17,Cléo from 5 to 7,1962,https://boxd.it/2agm,3
2026-02-18,Now You See Me 2,2016,https://boxd.it/99fw,2.5
2026-02-18,Batman: Gotham Knight,2008,https://boxd.it/1Phy,2.5
2026-02-18,Batman: Year One,2011,https://boxd.it/2vf0,3
2026-02-18,Batman: Under the Red Hood,2010,https://boxd.it/11eE,3.5
2026-06-05,Batman: Bad Blood,2016,https://boxd.it/cI0W,3
2026-02-18,Batman vs. Robin,2015,https://boxd.it/aqNs,3
2026-02-18,Son of Batman,2014,https://boxd.it/7mQm,2.5
2026-02-18,Batman: The Doom That Came to Gotham,2023,https://boxd.it/BW1Y,1
2026-02-19,Sinners,2025,https://boxd.it/KQMM,4
2026-02-20,The Brutalist,2024,https://boxd.it/k4BO,3
2026-02-21,Whiplash,2014,https://boxd.it/7bQA,4.5
2026-05-25,Moonrise Kingdom,2012,https://boxd.it/2Wng,2.5
2026-07-17,"Crazy, Stupid, Love.",2011,https://boxd.it/D9A,3.5
2026-02-23,Free Birds,2013,https://boxd.it/5oi8,5
2026-02-23,The Grand Budapest Hotel,2014,https://boxd.it/3ZqO,4.5
2026-03-04,Spaceballs,1987,https://boxd.it/29cy,1
2026-04-24,Singin' in the Rain,1952,https://boxd.it/29oY,3.5
2026-02-25,Psycho,1960,https://boxd.it/2ab2,4.5
2026-02-25,Barry Lyndon,1975,https://boxd.it/25A2,4.5
2026-02-27,The Pirates Who Don't Do Anything: A VeggieTales Movie,2008,https://boxd.it/1M5a,5
2026-03-04,No Country for Old Men,2007,https://boxd.it/21ew,4.5
2026-03-06,Eyes Without a Face,1960,https://boxd.it/1j9i,3
2026-03-06,Annabelle: Creation,2017,https://boxd.it/dSxe,2.5
2026-10-02,Spotlight,2015,https://boxd.it/a84k,3.5
2026-03-09,Charade,1963,https://boxd.it/23O2,3.5
2026-03-10,The Third Man,1949,https://boxd.it/294E,4
2026-03-11,"Paris, Texas",1984,https://boxd.it/29Ts,4.5
2026-03-11,Gone with the Wind,1939,https://boxd.it/29Fq,3.5
2026-03-11,The Guernsey Literary & Potato Peel Pie Society,2018,https://boxd.it/g68w,1
2026-06-09,Fargo,1996,https://boxd.it/2aHM,2.5
2026-06-05,The Imitation Game,2014,https://boxd.it/6aig,3.5
2026-03-12,A Nightmare on Elm Street,1984,https://boxd.it/2aw0,3.5
2026-03-13,Witness for the Prosecution,1957,https://boxd.it/18H4,4
2026-03-15,The Devil Wears Prada,2006,https://boxd.it/2awE,3.5
2026-06-05,Divergent,2014,https://boxd.it/4VT0,2
2026-03-17,Bicycle Thieves,1948,https://boxd.it/23hW,3.5
2026-06-15,The Rookie,2002,https://boxd.it/1NGG,3
2026-05-29,"Honey, I Shrunk the Kids",1989,https://boxd.it/1YTw,2
2026-03-18,"Honey, We Shrunk Ourselves",1997,https://boxd.it/1TS4,1.5
2026-03-20,Clueless,1995,https://boxd.it/1Ygk,3.5
2026-09-08,Thunderstruck,2012,https://boxd.it/3YaA,1.5
2026-03-27,Sharkula,2022,https://boxd.it/zF80,0.5
2026-03-21,The VelociPastor,2017,https://boxd.it/glzW,3.5
2026-03-22,Get Out,2017,https://boxd.it/eOCm,4.5
2026-03-22,Halloween,1978,https://boxd.it/2wRu,3
2026-06-09,Red One,2024,https://boxd.it/vTBM,1.5
2026-10-02,Project Hail Mary,2026,https://boxd.it/pEeQ,3.5
2026-03-25,Nope,2022,https://boxd.it/sDCe,4
2026-03-27,The Blair Witch Project,1999,https://boxd.it/26ua,4
2026-03-30,Signs,2002,https://boxd.it/26t2,3
2026-07-23,Brother Bear,2003,https://boxd.it/1Xjs,2.5
2026-03-31,Her,2013,https://boxd.it/4O24,1.5
2026-04-01,Fantastic Mr. Fox,2009,https://boxd.it/1WyQ,4.5
2026-04-03,Twisters,2024,https://boxd.it/qV7a,3.5
2026-05-29,Flubber,1997,https://boxd.it/1YkQ,2.5
2026-04-03,The Lobster,2015,https://boxd.it/7tnw,4
2026-04-04,Twelve Monkeys,1995,https://boxd.it/2beQ,3
2026-04-04,The Killing of a Sacred Deer,2017,https://boxd.it/dZ5G,4
2026-04-05,Bugonia,2025,https://boxd.it/qeWY,2.5
2026-04-05,Three Colours: Blue,1993,https://boxd.it/2b7K,4.5
2026-04-05,Three Colours: White,1994,https://boxd.it/2b7A,4
2026-04-07,Three Colours: Red,1994,https://boxd.it/2b7q,5
2026-04-06,Lonesome Dove,1989,https://boxd.it/9ymM,4
2026-04-06,The Truman Show,1998,https://boxd.it/18U8,4.5
2026-06-09,Lady Bird,2017,https://boxd.it/dGNE,3
2026-04-08,Around the World in 80 Days,1956,https://boxd.it/268I,2.5
2026-04-08,Shrek the Third,2007,https://boxd.it/29yY,2
2026-04-10,I Can Only Imagine,2018,https://boxd.it/gSn0,3
2026-04-10,Gourmet Detective,2015,https://boxd.it/aOWy,3
2026-04-10,Gourmet Detective: A Healthy Place to Die,2015,https://boxd.it/bHHS,2.5
2026-04-10,Death Al Dente: A Gourmet Detective Mystery,2016,https://boxd.it/eDje,2.5
2026-04-10,"Gourmet Detective: Eat, Drink and Be Buried",2017,https://boxd.it/hdA0,3
2026-04-10,Tipline Mysteries: Dial 1 for Murder,2024,https://boxd.it/MWT4,2
2026-04-10,Garage Sale Mystery: Guilty Until Proven Innocent,2016,https://boxd.it/cSn2,1.5
2026-04-10,Garage Sale Mystery: Murder By Text,2017,https://boxd.it/gEEG,2.5
2026-04-10,The Super Mario Galaxy Movie,2026,https://boxd.it/KzPa,2.5
2026-04-11,Host,2020,https://boxd.it/r5O4,1.5
2026-04-12,Radio Rebel,2012,https://boxd.it/39mq,2
2026-06-09,Zapped,2014,https://boxd.it/8vWU,2
2026-04-12,The Godfather,1972,https://boxd.it/2aNK,4.5
2026-04-14,Wicked: For Good,2025,https://boxd.it/AyfK,3
2026-04-15,Mufasa: The Lion King,2024,https://boxd.it/sE9C,0.5
2026-04-15,The Witch,2015,https://boxd.it/9X0m,3.5
2026-04-17,Solaris,1972,https://boxd.it/2a2Y,5
2026-04-17,Vivarium,2019,https://boxd.it/gmVE,3.5
2026-04-18,La Haine,1995,https://boxd.it/2as8,4
2026-04-19,Twilight,2008,https://boxd.it/1Zui,3.5
2026-07-23,The League of Extraordinary Gentlemen,2003,https://boxd.it/1ZVy,3
2026-04-19,Stalker,1979,https://boxd.it/28PO,3.5
2026-04-20,Jingle All the Way,1996,https://boxd.it/1Z58,1.5
2026-04-20,Raising Arizona,1987,https://boxd.it/2avQ,4
2026-06-09,Marcel the Shell with Shoes On,2021,https://boxd.it/wMAk,1.5
2026-04-22,M,1931,https://boxd.it/29vq,3
2026-04-24,The Double,2013,https://boxd.it/4DLW,4.5
2026-06-10,Eraserhead,1977,https://boxd.it/299u,1.5
2026-04-24,Blade Runner,1982,https://boxd.it/2bcA,3.5
2026-04-25,Vertigo,1958,https://boxd.it/2apI,4
2026-07-29,Ferris Bueller's Day Off,1986,https://boxd.it/1YPY,2.5
2026-04-26,The Double Life of Véronique,1991,https://boxd.it/28va,4
2026-04-26,The Parent Trap,1998,https://boxd.it/1XJq,2.5
2026-04-26,Paranormal Activity,2007,https://boxd.it/1yIM,3.5
2026-05-01,Enemy,2013,https://boxd.it/5xtO,2.5
2026-05-02,Brazil,1985,https://boxd.it/2be2,3
2026-07-09,Arrival,2016,https://boxd.it/aNGk,3.5
2026-07-22,TheM,2021,https://boxd.it/BQsY,2.5
2026-05-25,Rushmore,1998,https://boxd.it/1TAO,2.5
2026-05-03,Hokum,2026,https://boxd.it/SUeq,4.5
2026-05-04,Nashville,1975,https://boxd.it/25GE,3.5
2026-05-04,God's Country Song,2023,https://boxd.it/GO9A,1
2026-05-04,Alps,2011,https://boxd.it/2RHg,2
2026-05-05,A Short Film About Killing,1988,https://boxd.it/1VtK,4
2026-05-05,Anatomy of a Fall,2023,https://boxd.it/yuDE,3.5
2026-05-05,The Sacrifice,1986,https://boxd.it/1xg8,4
2026-05-08,Shattered Glass,2003,https://boxd.it/1PXa,3.5
2026-05-08,The Unbearable Weight of Massive Talent,2022,https://boxd.it/o6eK,2.5
2026-05-08,The Boys from Brazil,1978,https://boxd.it/1KvK,3.5
2026-06-05,The Birds,1963,https://boxd.it/2a6m,2
2026-05-09,The Assassination of Jesse James by the Coward Robert Ford,2007,https://boxd.it/24dG,4.5
2026-05-10,Diabolique,1955,https://boxd.it/29we,3
2026-08-04,Aliens,1986,https://boxd.it/29PA,3.5
2026-05-10,The Godfather Part II,1974,https://boxd.it/2aNq,4.5
2026-05-10,Final Destination,2000,https://boxd.it/1YrC,3
2026-05-13,The Hourglass Sanatorium,1973,https://boxd.it/OUW,3
2026-05-10,Persona,1966,https://boxd.it/29B4,5
2026-05-10,Fantastic Planet,1973,https://boxd.it/1KnQ,2.5
2026-05-11,The Seventh Seal,1957,https://boxd.it/2ahO,4
2026-05-12,The Fast and the Furious,2001,https://boxd.it/1XMu,3
2026-05-13,Moon,2009,https://boxd.it/1IGQ,3.5
2026-05-13,Ponyo,2008,https://boxd.it/1S0A,2.5
2026-05-13,Ivan's Childhood,1962,https://boxd.it/1j6y,3
2026-05-14,Mirror,1975,https://boxd.it/28Q8,3.5
2026-05-14,Gone Girl,2014,https://boxd.it/6hQu,4.5
2026-05-14,Zombieland,2009,https://boxd.it/1En6,3
2026-05-15,The Departed,2006,https://boxd.it/28MA,4.5
2026-05-16,Groundhog Day,1993,https://boxd.it/2b3e,3.5
2026-05-19,The Pink Panther,2006,https://boxd.it/1Sys,1.5
2026-06-09,Looney Tunes: Back in Action,2003,https://boxd.it/1Vzo,3
2026-05-17,Dr. No,1962,https://boxd.it/29UU,3
2026-05-18,Wild Strawberries,1957,https://boxd.it/29ZU,3.5
2026-05-29,Obsession,2025,https://boxd.it/PNqo,2
2026-07-23,I Still Believe,2020,https://boxd.it/lwEe,3
2026-05-19,The Wind Rises,2013,https://boxd.it/4JQS,3.5
2026-07-29,Peter Rabbit,2018,https://boxd.it/di8W,2.5
2026-05-19,Peter Rabbit 2: The Runaway,2021,https://boxd.it/iYcQ,2
2026-05-19,Annie Hall,1977,https://boxd.it/29M2,4.5
2026-05-19,Autumn Sonata,1978,https://boxd.it/1Rio,4
2026-06-09,Nightcrawler,2014,https://boxd.it/780m,3.5
2026-05-21,Paddington 2,2017,https://boxd.it/bCF8,3
2026-05-20,Primer,2004,https://boxd.it/6YA,4
2026-05-21,Oblivion,2013,https://boxd.it/2Bzq,3
2026-05-21,Godzilla,1998,https://boxd.it/29fW,2.5
2026-05-22,Coherence,2013,https://boxd.it/6xza,4
2026-05-23,From Russia with Love,1963,https://boxd.it/29T8,3.5
2026-05-23,Mission: Impossible III,2006,https://boxd.it/29cI,3
2026-05-25,The Royal Tenenbaums,2001,https://boxd.it/1YHU,3
2026-05-25,The Virgin Spring,1960,https://boxd.it/1TjI,4
2026-05-26,Aniara,2018,https://boxd.it/hUMe,1
2026-05-26,Man of Steel,2013,https://boxd.it/FRk,3
2026-05-27,The Spiderwick Chronicles,2008,https://boxd.it/20v2,2.5
2026-05-27,Fried Green Tomatoes,1991,https://boxd.it/28qY,3.5
2026-07-14,Going in Style,2017,https://boxd.it/bSKS,3
2026-05-29,Burn After Reading,2008,https://boxd.it/23BW,3
2026-09-29,Happy Feet Two,2011,https://boxd.it/2Om,1.5
2026-09-13,About Time,2013,https://boxd.it/43bI,3.5
2026-08-03,The Island,2005,https://boxd.it/28qE,4
2026-05-31,Magnolia,1999,https://boxd.it/2aze,3.5
2026-05-31,Collateral,2004,https://boxd.it/28F0,3.5
2026-06-01,Soylent Green,1973,https://boxd.it/1SxE,3.5
2026-06-02,THX 1138,1971,https://boxd.it/29Ww,3.5
2026-06-03,Network,1976,https://boxd.it/1VqG,3.5
2026-06-03,The Intern,2015,https://boxd.it/7AOE,2
2026-06-04,Predestination,2014,https://boxd.it/6bJM,4.5
2026-06-05,The Hunt for Red October,1990,https://boxd.it/28lk,3.5
2026-06-06,Backrooms,2026,https://boxd.it/EY6W,3.5
2026-06-07,10 Cloverfield Lane,2016,https://boxd.it/aZiu,3.5
2026-06-08,Birdman or (The Unexpected Virtue of Ignorance),2014,https://boxd.it/5RFA,4.5
2026-06-10,Jonah: A VeggieTales Movie,2002,https://boxd.it/1MFM,3
2026-06-10,Spirited Away,2001,https://boxd.it/2b4m,4
2026-06-12,The Butterfly Effect,2004,https://boxd.it/27M0,3.5
2026-06-12,Transformers One,2024,https://boxd.it/q7bc,2
2026-06-12,Doppelgänger,2003,https://boxd.it/1hra,3.5
2026-06-13,A Quiet Place,2018,https://boxd.it/fVJQ,2.5
2026-06-16,The Discreet Charm of the Bourgeoisie,1972,https://boxd.it/2440,4.5
2026-06-17,Mary Poppins,1964,https://boxd.it/2aoA,1.5
2026-06-19,World on a Wire,1973,https://boxd.it/B9me,4
2026-06-19,Drive,2011,https://boxd.it/IG,2.5
2026-06-20,Liar Liar,1997,https://boxd.it/28sg,3
2026-06-20,The Killer,2023,https://boxd.it/u6WE,3
2026-06-21,Prometheus,2012,https://boxd.it/2s9e,4
2026-06-21,Men,2022,https://boxd.it/tlc0,0.5
2026-06-27,The Nut Job,2014,https://boxd.it/6IWa,2.5
2026-06-27,The Nut Job 2: Nutty by Nature,2017,https://boxd.it/b5Cg,1.5
2026-06-30,Ad Astra,2019,https://boxd.it/ePzI,2
2026-07-01,Always Shine,2016,https://boxd.it/drQ4,4
2026-07-01,Dead Ringers,1988,https://boxd.it/1Yqk,3.5
2026-08-21,Alien: Covenant,2017,https://boxd.it/49UY,3
2026-07-03,The King of Comedy,1982,https://boxd.it/2aJS,3.5
2026-07-03,Minority Report,2002,https://boxd.it/2aWi,4
2026-07-03,The Karate Kid,1984,https://boxd.it/27Wk,2.5
2026-07-03,Turner & Hooch,1989,https://boxd.it/21ie,2
2026-07-04,The Jungle Book,2016,https://boxd.it/8wjk,1.5
2026-07-04,The Jungle Book,1967,https://boxd.it/1YY2,2
2026-07-04,Astro Boy,2009,https://boxd.it/1JVW,2
2026-07-04,Scoob!,2020,https://boxd.it/dqh8,1
2026-07-04,Garfield,2004,https://boxd.it/1ZAA,1
2026-07-04,The Road to El Dorado,2000,https://boxd.it/1W6s,3
2026-07-04,Peter Pan,1953,https://boxd.it/1VCC,3
2026-07-04,Sherlock Gnomes,2018,https://boxd.it/cQXM,2.5
2026-07-04,The Muppets,2011,https://boxd.it/1zg,3
2026-07-04,Jimmy Neutron: Boy Genius,2001,https://boxd.it/1RDm,2
2026-07-04,Gnomeo & Juliet,2011,https://boxd.it/OKi,1
2026-07-15,Robots,2005,https://boxd.it/1Xve,2.5
2026-07-04,Chitty Chitty Bang Bang,1968,https://boxd.it/1Tbu,0.5
2026-07-04,The Bourne Supremacy,2004,https://boxd.it/26EE,4
2026-07-18,The Favourite,2018,https://boxd.it/d2hI,3.5
2026-07-06,The Book Thief,2013,https://boxd.it/67wO,2.5
2026-07-06,Vajont,2001,https://boxd.it/2jPA,2.5
2026-07-07,The Magician,1958,https://boxd.it/1nse,4.5
2026-07-08,8-Bit Christmas,2021,https://boxd.it/uckc,2.5
2026-07-08,Beverly Hills Chihuahua,2008,https://boxd.it/1Ob0,0.5
2026-07-08,The Forge,2024,https://boxd.it/IZVY,2
2026-08-19,The Secret Life of Walter Mitty,2013,https://boxd.it/3SWy,2.5
2026-07-09,Another Earth,2011,https://boxd.it/rRA,4
2026-07-09,The Fly,1986,https://boxd.it/1YIe,3
2026-07-10,Escape to Witch Mountain,1975,https://boxd.it/1NjC,1.5
2026-07-10,High School Musical,2006,https://boxd.it/1V0y,2.5
2026-07-10,High School Musical 2,2007,https://boxd.it/1PIu,2.5
2026-07-10,High School Musical 3: Senior Year,2008,https://boxd.it/1SR0,1.5
2026-07-10,Tomorrowland,2015,https://boxd.it/4YaC,1
2026-07-10,The Ice Age Adventures of Buck Wild,2022,https://boxd.it/t7Ou,1.5
2026-07-10,Ice Age: Collision Course,2016,https://boxd.it/8upq,3
2026-07-10,Blind Chance,1987,https://boxd.it/2b4G,4.5
2026-08-19,Isle of Dogs,2018,https://boxd.it/dZrW,3
2026-07-12,Andrei Rublev,1966,https://boxd.it/29lg,3.5
2026-07-13,North by Northwest,1959,https://boxd.it/2aRM,3
2026-10-01,mother!,2017,https://boxd.it/dgRU,5
2026-07-14,Unbreakable,2000,https://boxd.it/1XV2,3
2026-07-14,Paths of Glory,1957,https://boxd.it/29b6,3.5
2026-07-14,Black Swan,2010,https://boxd.it/Sw0,4
2026-07-15,A Dog's Way Home,2019,https://boxd.it/ioRy,2
2026-07-15,The Village,2004,https://boxd.it/21iS,3.5
2026-07-15,Stoker,2013,https://boxd.it/34S2,5
2026-07-16,Sympathy for Mr. Vengeance,2002,https://boxd.it/23WU,3.5
2026-07-16,The Monkey King,2023,https://boxd.it/vowm,2.5
2026-07-16,LEGO Batman: The Movie - DC Super Heroes Unite,2013,https://boxd.it/5qUy,2.5
2026-07-23,The Star,2017,https://boxd.it/c1Ju,2
2026-07-23,The Wild Robot,2024,https://boxd.it/IWFy,2.5
2026-07-16,The Lion of Judah,2011,https://boxd.it/NBa,1
2026-09-24,Horse Girl,2020,https://boxd.it/oioi,2
2026-07-17,The Odyssey,2026,https://boxd.it/QFQU,4
2026-07-17,Poor Things,2023,https://boxd.it/tNWU,1
2026-07-17,Scooby-Doo! Camp Scare,2010,https://boxd.it/ONm,2.5
2026-07-17,Scooby-Doo! and the Loch Ness Monster,2004,https://boxd.it/1R5a,2.5
2026-07-17,Aloha Scooby-Doo!,2005,https://boxd.it/1xlC,2
2026-07-19,Odd Squad: The Movie,2016,https://boxd.it/epYi,2.5
2026-07-19,Decision to Leave,2022,https://boxd.it/qp9e,4
2026-07-19,Dora and the Lost City of Gold,2019,https://boxd.it/i1VW,3
2026-07-19,Henry Danger: The Movie,2025,https://boxd.it/yUXU,1.5
2026-07-20,Smallfoot,2018,https://boxd.it/fUCE,1.5
2026-07-20,Curious George,2006,https://boxd.it/1Xos,2.5
2026-07-20,The Devil's Advocate,1997,https://boxd.it/286k,4
2026-09-13,The Bad Guys,2022,https://boxd.it/nkg4,3
2026-07-21,Diggstown,1992,https://boxd.it/1FBS,3.5
2026-07-21,3 Women,1977,https://boxd.it/YPs,4.5
2026-07-22,Hour of the Wolf,1968,https://boxd.it/1H9G,3
2026-09-13,A Short Film About Love,1988,https://boxd.it/1jXC,3.5
2026-07-22,Sneakerella,2022,https://boxd.it/soOu,1
2026-07-22,The Suite Life Movie,2011,https://boxd.it/f92,2
2026-07-22,Minutemen,2008,https://boxd.it/1AG4,2
2026-07-22,Hilda and the Mountain King,2021,https://boxd.it/tHmQ,2.5
2026-07-22,12 Dates of Christmas,2011,https://boxd.it/2QtC,1
2026-07-22,The Swap,2016,https://boxd.it/eIUO,1.5
2026-07-22,Freaky Friday,2018,https://boxd.it/ihtu,1
2026-07-22,The Knight Before Christmas,2019,https://boxd.it/mAB6,1
2026-07-22,Switched,2020,https://boxd.it/rsFE,0.5
2026-07-22,Extinct,2021,https://boxd.it/oIq0,1.5
2026-07-22,Open Season,2006,https://boxd.it/20U2,2
2026-07-22,Open Season 3,2010,https://boxd.it/BZk,1.5
2026-07-22,Open Season 2,2008,https://boxd.it/1PCm,1.5
2026-07-22,Alpha and Omega,2010,https://boxd.it/1R9w,1.5
2026-07-22,Charlotte's Web,2006,https://boxd.it/1Xn0,1.5
2026-07-22,All Dogs Go to Heaven,1989,https://boxd.it/1TIo,3
2026-07-22,All Dogs Go to Heaven 2,1996,https://boxd.it/1FOs,1.5
2026-07-22,PAW Patrol: The Movie,2021,https://boxd.it/pbi0,1
2026-07-22,The Sea Beast,2022,https://boxd.it/kv3a,2
2026-07-22,The Son of Bigfoot,2017,https://boxd.it/eAxs,0.5
2026-07-22,Dolphin Tale,2011,https://boxd.it/alC,1.5
2026-07-22,Dolphin Tale 2,2014,https://boxd.it/6ISC,1
2026-07-22,A Dog's Purpose,2017,https://boxd.it/dgSI,2
2026-07-22,The Little Rascals,1994,https://boxd.it/1V8i,2
2026-07-22,The Little Rascals Save the Day,2014,https://boxd.it/7IR2,1.5
2026-07-22,Cheaper by the Dozen,2003,https://boxd.it/1USa,2
2026-07-22,Clifford the Big Red Dog,2021,https://boxd.it/lwEo,2
2026-08-31,The Jungle Bunch: Operation Meltdown,2023,https://boxd.it/D7dI,1.5
2026-07-22,The Jungle Bunch,2017,https://boxd.it/fZjs,2
2026-07-22,The Jungle Bunch: The Movie,2011,https://boxd.it/ura2,1.5
2026-07-22,Jungle Shuffle,2014,https://boxd.it/8LDk,1
2026-07-22,Year One,2009,https://boxd.it/1Ink,1.5
2026-07-22,Evan Almighty,2007,https://boxd.it/26s4,2.5
2026-07-22,Ooops! Noah Is Gone...,2015,https://boxd.it/aDJS,2
2026-07-22,Trolls World Tour,2020,https://boxd.it/fUCu,0.5
2026-07-22,The Loud House Movie,2021,https://boxd.it/erIG,1.5
2026-07-23,Mulholland Drive,2001,https://boxd.it/297o,4
2026-07-30,Lost Highway,1997,https://boxd.it/29Wc,3.5
2026-07-23,Valiant,2005,https://boxd.it/1OBM,1.5
2026-09-26,Tom & Jerry,2021,https://boxd.it/lCXG,2
2026-07-23,The Flintstones,1994,https://boxd.it/29mo,1.5
2026-07-23,Wonder,2017,https://boxd.it/ekeY,2
2026-07-23,Unplanned,2019,https://boxd.it/lacs,2.5
2026-07-23,Marmaduke,2010,https://boxd.it/15GW,1.5
2026-07-23,Marmaduke,2022,https://boxd.it/phzw,0.5
2026-07-23,Pants on Fire,2014,https://boxd.it/9I1Y,2
2026-07-23,Woody Woodpecker Goes to Camp,2024,https://boxd.it/L5ze,2
2026-07-23,Home Team,2022,https://boxd.it/uObC,1.5
2026-07-23,Deep,2017,https://boxd.it/fg7G,1.5
2026-07-23,Khumba,2013,https://boxd.it/5jeU,2.5
2026-07-23,Secret Magic Control Agency,2021,https://boxd.it/tZVE,2
2026-07-23,The Main Event,2020,https://boxd.it/nCMs,1
2026-07-23,Escape from Planet Earth,2013,https://boxd.it/2dXy,1.5
2026-07-23,Planet 51,2009,https://boxd.it/1JA0,2.5
2026-07-23,Gulliver's Travels,2010,https://boxd.it/15iK,1.5
2026-07-23,Goosebumps 2: Haunted Halloween,2018,https://boxd.it/fIKc,2
2026-07-23,Spooky Buddies,2011,https://boxd.it/2t9E,1
2026-07-23,The Spy Next Door,2010,https://boxd.it/1zyo,2
2026-07-23,Mirror Mirror,2012,https://boxd.it/awA,2
2026-07-23,The Pacifier,2005,https://boxd.it/1Xhm,1.5
2026-07-23,Spellbound,2024,https://boxd.it/lQ9U,0.5
2026-07-23,Air Bud: World Pup,2000,https://boxd.it/1CYa,1.5
2026-07-23,Air Bud,1997,https://boxd.it/1CYY,2
2026-07-24,Inland Empire,2006,https://boxd.it/28d6,5
2026-07-26,Masters of the Universe,1987,https://boxd.it/1TkQ,1
2026-07-27,Blue Velvet,1986,https://boxd.it/29BI,1.5
2026-07-27,The Player,1992,https://boxd.it/1WlM,3.5
2026-07-27,Masters of the Universe,2026,https://boxd.it/gdKW,3
2026-07-27,PlayTime,1967,https://boxd.it/1WLK,3
2026-07-28,Citizen Kane,1941,https://boxd.it/71O,4
2026-07-30,Spider-Man: Brand New Day,2026,https://boxd.it/ACJE,4
2026-07-30,Annihilation,2018,https://boxd.it/9yzm,3.5
2026-07-31,A Wrinkle in Time,2018,https://boxd.it/el46,2
2026-07-31,Bridge to Terabithia,2007,https://boxd.it/28YG,2.5
2026-07-31,Peter Pan & Wendy,2023,https://boxd.it/eSi6,1
2026-07-31,Face to Face,1976,https://boxd.it/xSso,3
2026-08-01,There Will Be Blood,2007,https://boxd.it/20Z2,4.5
2026-08-01,Dreams,1955,https://boxd.it/3mqK,3
2026-08-02,Remarkably Bright Creatures,2026,https://boxd.it/OZJq,2.5
2026-08-03,Oldboy,2003,https://boxd.it/29R2,4.5
2026-08-03,Badlands,1973,https://boxd.it/25Fm,5
2026-08-03,An Extremely Goofy Movie,2000,https://boxd.it/1LOo,2.5
2026-08-03,Fountain of Youth,2025,https://boxd.it/Fwx8,2
2026-08-04,Upstream Color,2013,https://boxd.it/4Cwc,4
2026-08-04,Unforgiven,1992,https://boxd.it/6Z4,4
2026-08-04,The Banshees of Inisherin,2022,https://boxd.it/p7XS,3.5
2026-08-05,"tick, tick... BOOM!",2021,https://boxd.it/jz2e,3.5
2026-08-05,Transformers,2007,https://boxd.it/280c,2
2026-08-07,Days of Heaven,1978,https://boxd.it/1JRg,3.5
2026-08-07,Dunkirk,2017,https://boxd.it/d0Y6,3.5
2026-08-07,Transformers: Revenge of the Fallen,2009,https://boxd.it/20gG,1.5
2026-08-08,Rise,2022,https://boxd.it/svMU,3
2026-08-08,The Rock,1996,https://boxd.it/1XM0,3
2026-09-29,Middle School: The Worst Years of My Life,2016,https://boxd.it/cP3S,1
2026-08-10,Under the Silver Lake,2018,https://boxd.it/dSAs,2.5
2026-08-10,GoodFellas,1990,https://boxd.it/29FA,4
2026-08-10,The Fountain,2006,https://boxd.it/28RU,2
2026-08-10,The Endless,2017,https://boxd.it/ffyw,4
2026-08-11,Triangle,2009,https://boxd.it/1tQG,5
2026-08-11,The Thomas Crown Affair,1999,https://boxd.it/29im,3.5
2026-10-03,The Red Shoes,1948,https://boxd.it/1EXI,4
2026-08-12,Black Bear,2020,https://boxd.it/n8ru,1.5
2026-08-12,The Killing of a Chinese Bookie,1976,https://boxd.it/1hS6,2
2026-08-13,How to Make a Killing,2026,https://boxd.it/gLi8,3.5
2026-08-13,First Reformed,2017,https://boxd.it/go9C,4.5
2026-08-15,The End of Oak Street,2026,https://boxd.it/FF9a,3.5
2026-08-18,Paprika,2006,https://boxd.it/23wW,3.5
2026-08-19,Millennium Actress,2001,https://boxd.it/1fK0,2.5
2026-08-21,Alien: Romulus,2024,https://boxd.it/zGqO,4.5
2026-08-22,The Drama,2026,https://boxd.it/OA2w,3.5
2026-08-28,Perfect Blue,1997,https://boxd.it/1W7A,4.5
2026-08-23,Doctor Strange,2016,https://boxd.it/8MH8,3
2026-08-24,Snow White and the Seven Dwarfs,1937,https://boxd.it/2arO,2.5
2026-08-24,Sleeping Beauty,1959,https://boxd.it/1V9A,3
2026-08-24,Cinderella,1950,https://boxd.it/1Uki,3
2026-08-25,Muppets Most Wanted,2014,https://boxd.it/4Cti,3
2026-08-25,Looper,2012,https://boxd.it/ham,3.5
2026-08-27,A Minecraft Movie,2025,https://boxd.it/zRro,1
2026-08-27,The Art of Self-Defense,2019,https://boxd.it/hf5y,0.5
2026-08-27,Doppelganger,1993,https://boxd.it/1GlG,1.5
2026-08-27,Angel's Egg,1985,https://boxd.it/1LeA,4
2026-08-30,Red Rooms,2023,https://boxd.it/ym4c,4
2026-08-30,A Quiet Place in the Country,1968,https://boxd.it/3fzU,2
2026-08-31,Better Off Dead...,1985,https://boxd.it/1PFU,2
2026-08-31,Midnight in Paris,2011,https://boxd.it/i4a,2.5
2026-08-31,Dragon Rider,2020,https://boxd.it/j0jE,1
2026-08-31,Abominable,2019,https://boxd.it/fiPq,1
2026-08-31,Slumberland,2022,https://boxd.it/oTqq,2.5
2026-09-03,May December,2023,https://boxd.it/vEE2,3
2026-09-02,A Turtle's Tale: Sammy's Adventures,2010,https://boxd.it/EN2,1
2026-09-04,Fallen Angels,1995,https://boxd.it/1UkW,4
2026-09-03,The Night of the Hunter,1955,https://boxd.it/25HW,3.5
2026-09-03,Scrooged,1988,https://boxd.it/1Y9e,2.5
2026-09-10,Morbius,2022,https://boxd.it/j978,2
2026-09-06,Resurrection,2025,https://boxd.it/x9DG,4
2026-09-08,Maya the Bee Movie,2014,https://boxd.it/7Kio,1
2026-09-13,Happy Death Day,2017,https://boxd.it/fDz4,3
2026-09-08,Shanghai Noon,2000,https://boxd.it/202a,3.5
2026-09-08,Playing with Fire,2019,https://boxd.it/kgfU,2
2026-09-08,Johnny English,2003,https://boxd.it/1YyI,2.5
2026-09-08,Johnny English Reborn,2011,https://boxd.it/kQq,2
2026-09-08,Man vs Bee,2022,https://boxd.it/Trcs,1
2026-09-09,Swiss Family Robinson,1960,https://boxd.it/1GX6,2
2026-09-09,Lady and the Tramp,1955,https://boxd.it/1Wv8,2.5
2026-09-09,Old Yeller,1957,https://boxd.it/1AeE,3
2026-09-10,Wish Dragon,2021,https://boxd.it/k6w2,2
2026-09-10,The Master,2012,https://boxd.it/2cBG,3.5
2026-09-11,The Long Goodbye,1973,https://boxd.it/281O,3.5
2026-09-18,The Man Who Haunted Himself,1970,https://boxd.it/23GC,3
2026-09-18,Dear Evan Hansen,2021,https://boxd.it/kOP8,1
2026-09-19,Cats & Dogs: The Revenge of Kitty Galore,2010,https://boxd.it/13l8,1
2026-09-21,Pokémon the Movie: Mewtwo Strikes Back - Evolution,2019,https://boxd.it/kZu6,2
2026-09-22,Dreamer: Inspired By a True Story,2005,https://boxd.it/1R42,1.5
2026-09-22,The Substance,2024,https://boxd.it/zanS,1.5
2026-09-24,Good Burger,1997,https://boxd.it/1Nkg,2
2026-10-03,Changeling,2008,https://boxd.it/25aS,3
2026-09-25,Chungking Express,1994,https://boxd.it/1UDa,3.5
2026-09-25,Toy Story 5,2026,https://boxd.it/F06E,1.5
2026-09-26,The Handmaiden,2016,https://boxd.it/948A,2.5
2026-09-26,Planes: Fire & Rescue,2014,https://boxd.it/6uXI,1.5
2026-09-29,Go!,2020,https://boxd.it/iTxa,2
2026-10-04,Primetime,2026,https://boxd.it/QX5s,3
2026-10-01,The Wind,1928,https://boxd.it/1j9s,3.5
2026-10-02,Finding ʻOhana,2021,https://boxd.it/nUwW,0.5
2026-10-02,The Wicker Man,1973,https://boxd.it/1KnG,3
2026-10-03,Taste of Cherry,1997,https://boxd.it/1m8W,1.5
2026-10-02,Lake Mungo,2008,https://boxd.it/1rWM,2.5
2026-10-03,Videodrome,1983,https://boxd.it/29uC,2
2026-10-03,Cries and Whispers,1972,https://boxd.it/1WK8,3.5
2026-10-04,I'm Not Scared,2003,https://boxd.it/1w2O,3
2026-10-04,Suspiria,1977,https://boxd.it/1SNW,4.5
2026-10-05,Red Riding Hood,2011,https://boxd.it/Fle,2.5
2026-10-06,Deep Red,1975,https://boxd.it/1E1E,3.5
2026-10-06,Tropic Thunder,2008,https://boxd.it/20WM,2.5
,,,,
,Rosemary's Baby,1968,,3.5
,Inferno,1980,,3.0
,Tenebre,1982,,4.5
,Zoolander,2001,,2.0
,The Bird with the Crystal Plumage,1970,,3.0
