Date,Name,Year,Letterboxd URI,Rating,Rewatch,Review,Tags,Watched Date
2025-11-09,One Battle After Another,2025,https://boxd.it/bDWqCl,2.5,,"10/10 moments throughout the film. However, the intro might have been the worst intro to any movie I've ever seen, and there are a lot of stupidly incompetent scenes inbetween the 10/10 ones. The best worst movie ever.",,2025-09-27
2025-11-09,Star Wars: Episode II – Attack of the Clones,2002,https://boxd.it/bDWrEH,5,Yes,"""You're asking me to be rational which I know is something I cannot do.""

I'm happy to report this movie is still ABSOLUTE PEAK, and that I get 20% of my humor from this movie specifically.


also, shame on everyone who thinks the phantom menace is better than this (or any of the sequels for that matter). SHAME ON YOU, SHAME ON YOUR FAMILY, AND SHAME ON YOUR COW.",,2025-08-12
2025-11-09,The Princess Bride,1987,https://boxd.it/bDWrJH,5,,"""have you ever considered piracy""
""anybody want a peanut""
""Iocane I'd bet my life on it""
""have fun storming the castle""
""wuv twu wuv""
""My name is Inigo Mantoya; you killed my father; prepare to die""
""as you wish""
""never trust a Sicilian when death is on the line"" //this one is true
""I've known to many spaniards""
""in greenLANd""
""humperdink, humperdink, humperdink""
""but I've got my country's 500th anniversary to plan, my wedding to arrange, my wife to murder and Guilder to frame for it; I'm swamped.""
""I wouldn't build a summerhouse here or anything, but the trees are quite lovely""

I LOVE THIS MOVIE SOOOOOOOO MUCH",,2025-08-12
2025-11-09,Marvel Studios Assembled: The Making of X-Men '97,2024,https://boxd.it/bDWrKb,5,,x-men 97,,2025-08-12
2025-11-09,Firefly,2003,https://boxd.it/bDWrKF,5,,firefly:  Joss Whedon,,2025-08-12
2025-11-09,DuckTales: The Movie – Treasure of the Lost Lamp,1990,https://boxd.it/bDWrRr,5,,seasons 1/2 2017,,2025-08-12
2025-11-10,Regretting You,2025,https://boxd.it/bEQ2kJ,3,,"Good:
Acting was incredible with what they were given. 4-5 stars for everybody.

The costume design was perfect.

Bad:
Dialogue not only stilted, but also incredibly bad.

Broke the ""show don't tell"" rule in every conceivable way by making everything that happens in a movie a line of dialogue.

The story itself justifies wishing you were with a person other than the one you were married to.

Promiscuous teens.

Felt like the audience was idiots sometimes reiterating something 6-7 times (only with dialogue mind you) to really drive home that we need to know this.


Just watch ""it ends with us"" for a good movie of a simaler experience.",,2025-11-09
2025-11-13,Mickey 17,2025,https://boxd.it/bGVhhD,2.5,,How can you mess up a premise that good with a movie that bad,,2025-11-12
2025-11-13,Uncut Gems,2019,https://boxd.it/bGXKd5,4,,You got a love annoying New York culture,,2025-11-12
2025-11-16,The Conjuring 2,2016,https://boxd.it/bJlYfb,2.5,,Eh.,,2025-11-15
2025-11-21,The Shining,1980,https://boxd.it/bMnRhP,4,,"I don't know why horror movies feel the need to ignore key elements of the world for the sake of being mysterious. Nothing in this movie seems to happen for a reason, but you know there is supposed to be a reason. I guess those Indian burial grounds are nuts. The kid actor gave a solid performance, Jack Nicholson is wonderful, and the cinematography great. Pretty much, the movie is great because the sound design is perfect.",,2025-11-20
2025-11-26,Eddington,2025,https://boxd.it/bPYPwp,4,,I highly recommend everybody to watch this movie with the whole family at Thanksgiving.😉,,2025-11-25
2025-11-26,Eddington,2025,https://boxd.it/bPYTmD,4,Yes,Reminds me of if you mixed one battle after another and uncut Gems and set it in 2020.,,2025-11-25
2025-12-04,Good Will Hunting,1997,https://boxd.it/bVs7Pn,4.5,,"Solid, no notes.",,2025-12-03
2025-12-09,Punch-Drunk Love,2002,https://boxd.it/bZ6TO5,4,,"Me when my assignment is due yesterday:
""Just give me 6 to 8 weeks""",,2025-12-08
2025-12-13,Midsommar,2019,https://boxd.it/c1fhVX,3,,"🤮. Why do people enjoy this, the climax absolutely sucks, and was predictable (not that it was trying to be subtle). The first hour or so is really good, and even the buildup to the finale is fine. I just found the way they did the obvious things at the end was a little hollow. Great performances, Incredible cimametography, maybe the best colors next to la la land, but man does the climax fall flat. Please explain why it is good to subjigate my eyes to this. Furthermore, I thought some of the scenes were drawn out to no affect. If you want to watch an Ari Aster movie watch Eddington or Hereditary.",,2025-12-12
2025-12-15,12 Angry Men,1957,https://boxd.it/c33htD,5,,"I was going to review this a 4.5 stars, but then writing my review I couldn't think of a flaw.",,2025-12-14
2025-12-15,Rear Window,1954,https://boxd.it/c33pIL,4,,"Amazing premise, interesting characters; I wasn't a huge fan of how drawn out the murder investigation was, and how little we got of the married couple who had there window closed most of the time. Overall, very good.",,2025-12-14
2025-12-15,The Phoenician Scheme,2025,https://boxd.it/c33x9f,3.5,Yes,"Great for the first hour and 15 min ish, then falls off.",,2025-12-14
2025-12-15,Wake Up Dead Man,2025,https://boxd.it/c3GuYH,4,,"Pretty much on par with the other movies with a great setting, and a slightly less satisfying ending.",,2025-12-15
2025-12-15,Doctor Sleep,2019,https://boxd.it/c3GBld,4,,"I love Ewan McGregor. Pretty much the inverse of The Shining. Where The Shining didn't relate to shining at all that is the main plot point of this movie is differing rates of shining. Though this movie is more sprawling (which is agian unlike The Shining) and had an overall worse score, it was still well made and supplements The Shining well.",,2025-12-15
2025-12-16,Zodiac,2007,https://boxd.it/c3ILG5,4.5,,"Just the right amount of RDJ. Mark Ruffalo with an all time performance. Thought a lot of the character interactions had odd dialogue, but that's just because of the director. Overall, worse than Se7en, better than fight club. Solid movie.",,2025-12-15
2025-12-21,Bullet Train,2022,https://boxd.it/c8loOJ,3.5,,"Remember Chekhov's gun. That thing fires like 20 times and it is wonderous. As a DuckTales enjoyer I appreciated the use of Thomas as a mature subject. Fine plot. Kept repeating things to really hammer in that you know it, which I thought took away from the experience. I don't need to hear 40 times that your unlucky, I got it the first time.",,2025-12-20
2025-12-21,The Lighthouse,2019,https://boxd.it/c8JcJF,3.5,,"I need all movies to be in this aspect ratio. Actually, make it even more square. This is unironically one of the best filming choices ever. Um, the movie is a bit of a fever dream. I just feel bad that no one came down Robert Pattinson. Wish I could see what they were imagining in the light. Good use of positioning to help let me know exactly the way the lighthouse is layed out. William Defoe is a twit in this.",,2025-12-20
2025-12-21,Interview with the Vampire,1994,https://boxd.it/c8JxDX,3,,"I may be underrating this a bit, but this is my least favorite tom cruise performance so far. Brad pit is good as always. Why where they implying the lover arc with Kirsten Dunst. Weird, boring, predictable. I mean vampires are cool. 

My favorite part was whenever Brad Pitt said ""it's Louis time"" and Louised all over tom cruise.",,2025-12-20
2025-12-24,The Phoenician Scheme,2025,https://boxd.it/cbXG5b,4,,"My brothers new favorite movie!

The third act is still a bit boring to me, but I concede I underated it the first time I watched it.",,2025-12-23
2025-12-24,Hacksaw Ridge,2016,https://boxd.it/ccbJUJ,4.5,,"Funny story I have a friend who is a Seventh Day Adventist, who was a vegetarian, who was into birdwatching, and  who didn't do anything on the sabbath, which was an annoying for the tennis team. Along with all this his dad was a doctor in the military.

My main problem with the movie was that it was too short.",,2025-12-23
2025-12-30,Murder on the Orient Express,2017,https://boxd.it/cjn5Yj,3.5,,"Underwhelming, but good.",,2025-12-29
2025-12-30,Death on the Nile,2022,https://boxd.it/cjnzY9,4,,"Good, I guessed the two murderers, but thought there was a third. Better than the first by a good bit.",,2025-12-29
2026-01-04,Zootopia 2,2025,https://boxd.it/cr4rXr,3.5,,"I hated the lynx, snake, and beaver characters. Also it's called zootropolis in Europe and that was throwing me off.",,2026-01-04
2026-01-04,Hugo,2011,https://boxd.it/cr4ua3,3,,Boring. How did this win like 6 Oscars.,,2026-01-04
2026-01-10,Once Upon a Time... in Hollywood,2019,https://boxd.it/cxHfu5,3.5,,"Fine, very disjointed, very feet central. Not a huge fan of the organization.",,2026-01-09
2026-01-10,Little Women,2019,https://boxd.it/cxHn03,3.5,,"Boring, Laurie is incredibly based though",,2026-01-09
2026-01-10,Thunderbolts*,2025,https://boxd.it/cxHwMl,3.5,,I liked it marginally more than the avengers. I don't like these superhero team up movies where they barely explain why they team up.,,2026-01-09
2026-01-10,Dead Poets Society,1989,https://boxd.it/cxIaqJ,5,,"Wow,,, peak. Where it ended was the best possible place.",,2026-01-09
2026-01-10,Parasite,2019,https://boxd.it/cxIXp1,5,,"I wish I could understand there inflections.  No words can express how great this movie is. I wish I could rate it lower, but the things that happen in the movie perfectly complement each other. Man this was so good.",,2026-01-09
2026-01-10,Mr. & Mrs. Smith,2005,https://boxd.it/cxLllh,3.5,,"Good, bad choreography.",,2026-01-09
2026-01-10,Jack Reacher: Never Go Back,2016,https://boxd.it/cxMNfD,3,,"Never saw the first, but this seemed like a generic tom cruise teams up with woman movie.",,2026-01-09
2026-01-12,Is This Thing On?,2025,https://boxd.it/cAubzL,4,,Great subjective storytelling. The movie axpresses it's point using standup as a standin for any hobby that's purely positive and for oneself.,,2026-01-11
2026-01-13,Donnie Darko,2001,https://boxd.it/cCaKAx,3.5,,"I'm giving this 7 stars out of sheer grace that I just don't get it. Bc I just don't get it. He either needs to be way more schizo or the plot needs to be more sensual and not have a lame ending. The world could have been nuked and he the only to survive, he could have killed himself in the aftermath, he could have time traveled to become frank, they could have made mother death a time traveler in a time loop (this one's a bit far). They made frank so lame near the end; he was so tough, then they just had to ruin it. Please someone explain this movie to me!",,2026-01-13
2026-01-13,Rear Window,1954,https://boxd.it/cCaRah,4,Yes,"WATCHED FOR FILM CLASS:
still an amazing concept for a movie with exclusively interesting story beats. The murder mystery still drags on a bit, and the fact that he claimed guilt (to something, we don't know what) is crazy. Love the lead roles. Wish we got more of the newly weds.",,2026-01-13
2026-01-18,The Wolf of Wall Street,2013,https://boxd.it/cHhyyj,3,,"Sure, let's watch the sex movie tonight.

My roommate made me watch this after we came home from Marty supreme. This was not a good idea as Marty supreme was significantly better. To much graphic sex. To degenerate (I know it's the point). What did his wives expect him to do; like he was cheating with you. No likeable characters. I liked the narrative style and the way it transitioned between overlay audio and spoken for the naration. Acting was good.",,2026-01-18
2026-01-19,Marty Supreme,2025,https://boxd.it/cHPt6d,4.5,,"My friend turned to me 3/4 way through and was like ""this movie is anxiety personified"". I am a huge table tennis enjoyer and this movie has incredible points. The skill of Timmy as a player and actor in this is absolutely phenomenal. Everything felt like it had to be there for the movie to work. The use of the unused Chekhov's gun like rockwell finding the affair was spectacular. Big fan of Tyler the Creator in this.

If you haven't seen this movie and want to be on the edge of your seat for like 2 hours, this is a great watch. 

Timmy was perfect casting as always with the Safdie movies.",,2026-01-18
2026-01-19,War of the Worlds,2025,https://boxd.it/cIfX2H,1,,Got 30 min in and my roommate gave up.,,2026-01-18
2026-01-20,American History X,1998,https://boxd.it/cIWDoz,5,,"Not only is this movie perfect in every way, but it is also incredibly pased. Not only does it have one of the best endings in all of cinema, but it also has a unique structure. If you went up to me and told me you didn't like this movie id have no choice but to curb stomp you 😆(get it). The black and white parts are even better composed than the colored amazing story. I know the original director disowned this movie because of Norton's meddling, and all I can say is: thank you Edward Norton for editing this masterpiece. The logic in the movie is also incredible from the characters where it matters.",,2026-01-19
2026-01-23,Cars,2006,https://boxd.it/cLCaub,4.5,Yes,"Watched in crowded room, the entire time we were wondering if cars: where racist, had hitler, had reproductive organs, and who the manufacturer is that replaces God in this universe. One of the best animated movies ever.",,2026-01-22
2026-01-23,Casablanca,1942,https://boxd.it/cM8TEz,4,,Big fan of the tight dialogue. A lot of lines I've heard my entire life just existing in the movie. The acting was solid and the characters well established in their roles. No character lives outside of the grey.,,2026-01-22
2026-01-24,Beautiful Boy,2018,https://boxd.it/cNq1Vh,4,,"I've never been more anxious while watching a movie. This is very accurate, beautifully shot. The acting is outstanding. Might be the saddest movie I've seen, period. Timmy might be one of the best actors. For the next 10ish hour I was just tearing up out of nowhere. Overall pretty great, I just don't like being so sad the entire time I watch a movie that seems to try and demenish any since of catharsis.",,2026-01-24
2026-01-26,Blade Runner 2049,2017,https://boxd.it/cQ1bX5,3.5,,"The first half was phenomenal. Interlinked cells are my favorite thing ever. Ryan gosling is pretty good throughout. STOP HIRING JERED LETO. Harrison Ford was phoning it in. Nonsensical plot. Terrible third act. I had similar problems with this as I did with intersteller. It has character compression where only like 5 characters matter, but they are trying to build this expansive world. Visuals where outstanding, and so was the sound design. Particularely bad third act.",,2026-01-26
2026-01-26,Prisoners,2013,https://boxd.it/cQ1kAz,4.5,,"I'm gonna be honest I guessed the entire movie as soon as the relevant plot points came up. Very good movie with a very good direction throughout and an ending that works well, which couldn't have been easy with what they had. Good performances. Remended me of zodiac and seven to an extent.",,2026-01-26
2026-01-31,Guardians of the Galaxy Vol. 3,2023,https://boxd.it/cUSajP,3.5,,"When he said ""my name is rocket,,, rocket raccoon"" I literally was crying laughing.

Every time I watch a marvel movie it is dialogue gold.",,2026-01-31
2026-01-31,Eternal Sunshine of the Spotless Mind,2004,https://boxd.it/cUSiL3,5,,"WATCHED FOR FILM

Wow, this is like a mix of inception and memento in structure, but has so much more to latch onto emotionally. This would be one of the best movies ever made if it didn't have those Jim Carrey comedy scenes. Mark Rufalo is amazing as always. Loved the way he traverses his mind scape and how the dialogue seemlessly transitions from past to present.",,2026-01-31
2026-02-04,10 Things I Hate About You,1999,https://boxd.it/cYuVfD,4.5,Yes,I can confirm you can be whelmed in Europe.,,2026-02-03
2026-02-04,Big Fish,2003,https://boxd.it/cYNtzt,3,,"WHATCHED FOR FILM

Forrest gump if it was boring, had a bunch of fish analogies, and Ewan Mcgregor doesn't say ""hello there"". Loved the one scene with a lot of yellow, and when the red object gets stuck in a tree.",,2026-02-03
2026-02-11,In the Mood for Love,2000,https://boxd.it/d4Am5T,3.5,,"WATCHED FOR FILM

Imagine a movie about two reasonable people being reasonable people, but it's shot incredibly well. Nothing happens, I don't care about the characters, and I didn't even realize it was a period piece until the second title card said 1966. This film reminds me a lot of Regretting You if that movie was more focused and looked gorgeous. Some things are introduced to late to undermine there relevance.",,2026-02-10
2026-02-14,A Clockwork Orange,1971,https://boxd.it/d7yDkf,3.5,,"Here me out. It gets better as you watch it, but boy howdy are the first 30 minutes rough. Also nudity, also nudity, also nudity, and some more nudity. Why was there so much nudity. It made the movie so much worst. Have I mentioned the nudity. No but on a more serious note, why is there so much nudity.",,2026-02-14
2026-02-15,The Martian,2015,https://boxd.it/d7WAV1,4,,Forgot to review this. Very good.,,2026-02-14
2026-02-15,V for Vendetta,2005,https://boxd.it/d8HNP5,4.5,,"Dialogue was the real selling point, solid throughout. 1984(book) but worst. A lot of stuff I could say about how the movie is just pro small government and doesn't take a liberal approach at all and is really a critique on the liberal party even though it was clearly written to be the opposite, but I'll just say I really enjoyed the messaging.",,2026-02-15
2026-02-16,Constantine,2005,https://boxd.it/d9RoYF,2.5,,"2000s slop. Good acting from the angels and demons I guess. Very, very inaccurate to the Bible -- coming from someone who's read it 5 times. Gabriel was entertaining, it was shot pretty well with some bad effects here and there.",,2026-02-16
2026-02-17,Cléo from 5 to 7,1962,https://boxd.it/daKYmn,3,,"WATCHED FOR FILM

- 1/2 stars for being French
There where a lot of small things I liked in this movie and the score was pretty good, but the last hour is kinda unsatisfying because I'm rooting against the protagonist at this point for being so conceited, but things just work out for her.",,2026-02-16
2026-02-19,Sinners,2025,https://boxd.it/dcEMqN,4,,"The post credit scene was dope and rapped it nicely. A lot of superfluous sex. Cool music, good cinematography, I've determined I don't like imax all that much.",,2026-02-18
2026-02-20,The Brutalist,2024,https://boxd.it/ddx6uD,3,,"This could have been anywhere from a 2.5 to a 4 star, because I thought the cinematography, lighting, and set design were phenomenal, and the acting was alright. I also enjoyed how difficult this movie was on the watcher. However, the sex was really annoying and sensualized to a point were I'm gonna start vetting every movie I watch from now on. The architecture parts are AMAZING though and I wish that was more of the focus of the movie. I loved the protagonists interactions with his cousin and guy pierce. I don't know something about the twins maybe, or his wife, or opioid guy (probably a bit of all of these) just wasn't working for me. Still a big brutalism guy and wish it was used more in movies.",,2026-02-19
2026-02-21,Whiplash,2014,https://boxd.it/detKCt,4.5,,"It felt like worst Marty Supreme with more jazz and less sex. 
-The drums are the only part of jazz that I like.",,2026-02-21
2026-02-22,Moonrise Kingdom,2012,https://boxd.it/dfwCKz,3,,Weird movie. Very accurate child dialogue.,,2026-02-21
2026-02-23,"Crazy, Stupid, Love.",2011,https://boxd.it/dfQq5J,4,,"I watched this with my grandma and we were both laughing like crazy (stupid, love). I can't express how much I love this movie. I REALLY did NOT like the plot point with the kid, and how it gets resolved -- creepy.",,2026-02-22
2026-02-23,The Grand Budapest Hotel,2014,https://boxd.it/dgzsZJ,4.5,,"Nearly flawless, very light, great cast and form. Really, nothing more to say.",,2026-02-22
2026-02-23,Spaceballs,1987,https://boxd.it/dgG7mv,5,,ABSOLUTELY HORRIBLE.,,2026-02-22
2026-02-24,Singin' in the Rain,1952,https://boxd.it/dhyydj,4,,"WATCHED FOR FILM

Really good. Loved Cosmo. Loved all the really long dancing scenes and the irreverence of it all.",,2026-02-23
2026-02-25,Psycho,1960,https://boxd.it/diocHv,4.5,,"Not very scary, but still a PHENOMENAL movie with great acting and great camp mixed with the serious.",,2026-02-24
2026-02-25,Barry Lyndon,1975,https://boxd.it/diok8D,4.5,,"A very rich and complex movie with interesting characters that have many sides -- especially Barry.

It's up there with parasite, midsommer, and donnie darko for best color grading ever. The way the soundtrack fluidly transitions between keys is fantastic. All the location shooting is amazing and really allows the cinematography to shine",,2026-02-24
2026-03-04,No Country for Old Men,2007,https://boxd.it/doac8V,4.5,,A lot of 9s recently. Really liked the expansiveness of the world and how the extras are fully fleshed out people. And the ending was pulling one of those pretentious inception things which I liked.,,2026-03-04
2026-03-06,Scream,1996,https://boxd.it/dphf41,5,Yes,One of the greatest movies of all time perfectly articulating the mind of a teenager while keeping its own ideas original. Might be the funnest climax of all time.,,2026-03-05
2026-03-06,Eyes Without a Face,1960,https://boxd.it/dpoXRb,3,,"-1/2 point because it's French.

Pretty good, a little dragged, but it was to short to justify the lethargy, so it felt like we were building and building and building, then the movie ends with not enough to justify ending here. Otherwise great, good soundtrack and great performances (especially considering they are French).",,2026-03-05
2026-03-06,Annabelle: Creation,2017,https://boxd.it/dpt3Uj,2.5,,"Chudding it with 3 movies in one day. This one is by far the worst. Predictable, and lame and way to French for my liking. Made fun of it the whole time, sometimes funny.",,2026-03-05
2026-03-07,Family Guy Presents: Blue Harvest,2007,https://boxd.it/dqiKKt,5,,Loved the reference to robot chicken,,2026-03-07
2026-03-08,Spotlight,2015,https://boxd.it/draByL,4.5,,"Imagine zodiac, but... Actually just imagine zodiac with pedo's",,2026-03-07
2026-03-09,Charade,1963,https://boxd.it/dsdLgH,3.5,,"-1/2 point because it's French.
One of the few movies that I didn't guess the twist. Overall enjoyable, and fun. They did Texas dirty tho",,2026-03-09
2026-03-10,The Third Man,1949,https://boxd.it/dsZQPt,4,,Pretty great. Loved the dutch angles and how it ends. Great ending. Also didn't guess the twist until way later than I should have; I am just off my ball this week.,,2026-03-10
2026-03-11,"Paris, Texas",1984,https://boxd.it/dtb98P,4,,"I am so torn on my review for this movie because it is a very good movie, but I don't know if it's great. Like parts of it are great and the way it is shot and moves is. I just think the protagonist is a fiend, and doesn't deserve any of the good that happened to him. It is also bordering on a French deduction, but I won't do that because paris texas is like a middle finger to the French and that girl gets tormented for no reason, so maybe I should raise my review for the hate this shows towards the French. I think even though I only have like 1 big problem with this movie I'm going to drop it 1 star because of how substantial that problem is for me. After watching this I was seriously considering a 10/10 no notes top ten, but after thinking I don't know if it deserves that.",,2026-03-10
2026-03-11,Gone with the Wind,1939,https://boxd.it/dtBcfh,3.5,,Liked about as much as little women. Hated skarlett.,,2026-03-10
2026-03-11,The Guernsey Literary & Potato Peel Pie Society,2018,https://boxd.it/dtD0KB,1,,"The acting was horrible by everybody but glynn powell, and it was boring, and I couldn't get into the lore, and the main character was the worst actor in this; she chuckled at everything. The name is the best part.",,2026-03-10
2026-03-12,Fargo,1996,https://boxd.it/dueeQd,3,,"<blockquote>Look at the other guy</blockquote>I didn't hate it, but I have Canadian friends who sound way more normal than these people. I really didn't enjoy any of the characters except the guy from zodiac and crazy stupid love.",,2026-03-11
2026-03-12,The Imitation Game,2014,https://boxd.it/duiv8l,4,,"It was shot really plainly, and it was a little gay. I liked it a good deal though.",,2026-03-11
2026-03-12,A Nightmare on Elm Street,1984,https://boxd.it/dulGw5,3.5,,"It's fine. The music choice was, um, interesting. Weird that Johnny Depp wasn't weird. Maybe I should start treating horror as comedy because I laugh at the absurdity more than I'm ever scared.",,2026-03-12
2026-03-13,Witness for the Prosecution,1957,https://boxd.it/dv0rhL,4,,"Imagine the polar opposite of 12 Angry Men, this is so great.",,2026-03-13
2026-03-15,The Devil Wears Prada,2006,https://boxd.it/dwwWdt,3.5,,"Whiplash but worse, and they went to paris.",,2026-03-14
2026-03-15,Divergent,2014,https://boxd.it/dwFO1x,2.5,,"Holy cow, this movie makes no sense. If you can choose your faction and it doesn't matter if you aren't in a faction why would it matter if you were divergent, also what would happen if all the kids decided to join one faction. Also bad acting, horrible script, and lame visuals. All this thrown in a trashcan and steamed over the flame from toy story 3 and then served to me. But how can I hate miles teller.",,2026-03-14
2026-03-15,"Crazy, Stupid, Love.",2011,https://boxd.it/dwMEYN,4,Yes,My cousins wish it was Emma Stone and Ryan gosling as the main characters,,2026-03-14
2026-03-17,Bicycle Thieves,1948,https://boxd.it/dyBenR,3.5,,"WATCHED FOR FILM

If it was really Italian there would be 5 times as much smoking. I need to rewatch La Vita e bella because I think I'd like it more on a second watch. After living in Italy you come to appreciate the hand gestures and nuence of their language. I don't know if it was better than gone with the wind which I have decided is arbitrarily the cutoff point of a 7/10 to an 8/10.",,2026-03-16
2026-03-20,Clueless,1995,https://boxd.it/dANRUx,3,,Sure,,2026-03-19
2026-03-20,La La Land,2016,https://boxd.it/dAY9Pl,4,Yes,"Watching the second movie in the crazy stupid love universe. As a jazz hater this is solid, about on par with wicked. About the start of the 3rd act is when I realized why I had this rated relatively low. It is infuriating seeing so many solvable things get muddled up.",,2026-03-20
2026-03-21,Sharkula,2022,https://boxd.it/dBMsRF,1,,<blockquote>Slowly at first then more frequently</blockquote>The theme is legitamately amazing so +1/2. The 40 minutes of stock footage really brought out the bad acting. Like there is this girl with fire batons that literally never interacts with anything and is shot in 24fps while the rest of the movie was like 10 fps.,,2026-03-20
2026-03-22,The VelociPastor,2017,https://boxd.it/dC7iN1,3.5,,"This is the greatest thing that ever happened to me. The acting is genuinely peak. This movie has it all, heart, Vietnam flashbacks, sciences, and most importantly a pastor who is <i>hungry. </i>",,2026-03-21
2026-03-22,Get Out,2017,https://boxd.it/dC7xRR,4.5,,I went from this to sharkula then I remembered why I loved movies in the first place -- to be better than everyone else. I guessed pretty much the whole ending legitimately 15 min in. Up there with spiderman 3 as far as dialogue. Might raise the score later.,,2026-03-21
2026-03-22,Halloween,1978,https://boxd.it/dC8nGr,3,,Would be a 7 but the nudity was extremely annoying and inconsistent. I really liked him Michael disappears while the girl is still watching our the window.,,2026-03-21
2026-03-22,Project Hail Mary,2026,https://boxd.it/dCNowp,4,,"Best jump scare in a while even after watching 4 ""horror"" movies yesterday. This has all the same problems as The Martian but has a lot less problems than Interstellar for me because of the tone. Like the second half of the movie feels very light, and it makes the movie a really weird watch. ",,2026-03-21
2026-03-23,Star Wars: The Clone Wars,2008,https://boxd.it/dDrFqt,4.5,Yes,show-- not movie,,2026-03-22
2026-03-23,The Art of Murder,1999,https://boxd.it/dDrXhT,2.5,,show,,2026-03-22
2026-03-25,Nope,2022,https://boxd.it/dFMqSH,4,,"A real master class among movies, so open and subjective. I just wish the emerald and angel weren't the most annoying characters ever on screen, but in my mind emerald is the antagonist so it kinda works out. Really funny and abstract. If you like movies like shutter island and memento but you want the dread aspect I highly recommend this.",,2026-03-25
2026-03-27,"Family Guy Presents: Something, Something, Something, Dark Side",2009,https://boxd.it/dHax2b,3.5,,made me remember why I fell in love with star wars,,2026-03-26
2026-03-27,The Blair Witch Project,1999,https://boxd.it/dHkkOB,4,,"My roommates girlfriend after the movie was over said ""wait that wasn't real"", I have never been prouder of a movie in my life.
<blockquote>Is that motivation enough for you</blockquote>",,2026-03-27
2026-03-30,Signs,2002,https://boxd.it/dJvmAr,3,,"Very, very mediocre. The dialogue is written in a way that neither Joaquin or Mel have anything to work with and this there performances fall extremely flat. The predestination angle was clumsily executed as it still didn't explain why the mom died (I know it tries to, but it doesn't work). I was hoping for the water to actually be contaminated, and I get what they were trying to do with it being poison for the aliens but it sucked. The absolute lack of aliens in this movie is astounding. I would take the second greatest holiday movie (independence day) over this every day of the month and the 30th of February.",,2026-03-29
2026-03-31,Her,2013,https://boxd.it/dLavXb,1.5,,"WHATCHED FOR FILM
<i>
Can someone strangle my with the dead cat next to my bed.</i>

Chris pratts three lines were the only thing keeping me going",,2026-03-30
2026-04-01,Fantastic Mr. Fox,2009,https://boxd.it/dLR6XV,4.5,,Loved how tight the dialogue is. How come every actor ever wants to work for Wes Anderson.,,2026-03-31
2026-04-03,Inception,2010,https://boxd.it/dNY2qv,5,Yes,"<blockquote>Paradox</blockquote>Literally so peak. I cannot think of any plot holes whatsoever and it has a good message wrapped with an imperfect protagonist. The lighting of the different layers to the cinematography is phenomenal. This is like my 10th watch and it just gets better every time.
I would like to give a shout-out to this movie for being pretentious without title cards. They said it couldn't be done.",,2026-04-03
2026-04-03,The Lobster,2015,https://boxd.it/dNYbQd,4,,"The first 45-60 min of this movie are perfect. The dialogue is what I wish all dialogue was -- very attack of the clones esque. Boy is there unnecessary sexual stuff, and the ending isn't bad but isn't great.",,2026-04-03
2026-04-04,Twelve Monkeys,1995,https://boxd.it/dOPgbZ,3,,What did I just watch. This is so poorly edited in a way that doesn't necessarily make it hard to follow just a pain to watch. I liked brad pitt bc he's psycho. The first 45 min are pretty good to. All in all an incredibly average movie.,,2026-04-03
2026-04-04,The Killing of a Sacred Deer,2017,https://boxd.it/dOWVUF,4,,"<blockquote>It's a metaphor</blockquote>This movie is just about perfect. Unfortunately there is a bunch of sexual stuff in it that kinda ruins it. I might buy the movie and censor it so I can have that perfect version, as it stands the stuff really is bad. This director is amazing at ruining perfect movies for me.",,2026-04-04
2026-04-05,Bugonia,2025,https://boxd.it/dPqn33,2.5,,"Dear people. 
I liked the montage at the end, otherwise I literally couldn't tolerate any of the other characters. There goes my Yargos reviews this one had no sex stuff and yet somehow was by far the worst.

Sincerely,
Lanthemos",,2026-04-04
2026-04-05,Three Colours: Blue,1993,https://boxd.it/dPJnC1,4.5,,"-1/2 for being French
This movie is perfect",,2026-04-04
2026-04-05,Three Colours: White,1994,https://boxd.it/dPPRyP,4,,"-1/2 for French
+1/2 for being mostly in polish
I love polish people. This movie is deeply funny and heartwarming. Not as consequential as the first one. The main character is deeply flawed and can't move on, but he still has the effort to maintain his hope in the past. The faint light at the end of the tunnel progressively gets bigger as the movie progresses.",,2026-04-04
2026-04-05,Three Colours: Red,1994,https://boxd.it/dPYOmJ,4.5,,"-1/2 because it's French
Imagine rear windows but 400x better. Another perfect movie.",,2026-04-04
2026-04-06,Lonesome Dove,1989,https://boxd.it/dQSIgx,4,,"This is the longest movie I ever plan on watching. It's nice how the plotlines thin down near the end allowing the last part to be focused on the main characters. Acting was great, sets were incredible. Also the characters reaping what they sow is nice even when everybody cares for them still. STEVE BUSCEMI IS IN THIS. The sheer vastness of this movie is incredible.",,2026-04-05
2026-04-06,The Truman Show,1998,https://boxd.it/dRbIhX,4,,"Very good performance. Really is a ""one man show"" out there",,2026-04-05
2026-04-07,Lady Bird,2017,https://boxd.it/dSaxGJ,3.5,,"WHATCHED FOR FILM

Her mom was right, usually, she just got too mad.",,2026-04-06
2026-04-08,How to Train Your Dragon,2010,https://boxd.it/dT9XZz,4.5,Yes,I will never watch the live action. Why ruin something so great willingly. Insane camera for the time.,,2026-04-08
2026-04-10,The Super Mario Galaxy Movie,2026,https://boxd.it/dUA3Rd,2.5,,"This is a subspace emissary movie, if you know you know, it you don't look it up.
It's like a speed run of a game with the unstoppable cutscenes being all we watch.

This is also the worst rendition of this music ever.",,2026-04-09
2026-04-10,Spider-Man: Into the Spider-Verse,2018,https://boxd.it/dUARRH,5,Yes,I love this movie so much. It has some of the most cathartic moments in any film.,,2026-04-09
2026-04-11,Host,2020,https://boxd.it/dVsEj1,1.5,,"It is really scary, coming from the guy who watches for comedy.

THIS IS EVERYTHING I HATE ABOUT MOVIES.",,2026-04-11
2026-04-12,The Godfather,1972,https://boxd.it/dWuv2N,4.5,,"First act low-key average. I liked how the other gangs are this etherial force throughout the movie that reacts in unexpected ways.
This is like the anti-""gone with the wind""

Ps Since when did Italians say your welcome (prego)",,2026-04-12
2026-04-14,Wicked: For Good,2025,https://boxd.it/dYgWVZ,3,,"My school completely changed what movies are on our movie database and I'm ticked because there was a bunch of Hitchcock I'll never be able to watch now; at least I own psycho.
Wow, what a downgrade from the great first movie. Only one good song, but they were making up for Jeff Goldblum's complete lack of vocal talent the entire time which was annoying because this was the only ""good"" song. I pretty much watched this for Jeff and Jeff didn't disappoint. The pacing was too quick for what happened and it had an inconsistent time scale, so it is impossible to place the events of the movie on a timeline.

TLDR: felt rushed",,2026-04-13
2026-04-15,The Witch,2015,https://boxd.it/dZ1Mvr,3.5,,"bro, what was that ending. Beautiful movie. eerie but never to the point of scary. ""Have you ever danced with the devil in the pale moonlight"".",,2026-04-14
2026-04-17,Solaris,1972,https://boxd.it/dZYY1r,5,,"""Shutter Island"" if it was ""Her""",,2026-04-16
2026-04-17,Vivarium,2019,https://boxd.it/e0nF0J,3.5,,"I recommend, a very well made and direct movie.
Getting ready for backrooms with some limenal horror.",,2026-04-16
2026-04-18,La Haine,1995,https://boxd.it/e0It1H,4,,"-1/2 for being French.
Very good. It has a lot of the same themes as American History X and a very similar structure but is completely flipped on ideals. Also there was a zolly shot.",,2026-04-17
2026-04-19,Twilight,2008,https://boxd.it/e1IKW5,3.5,,"""I don't really like the rain, any cold wet thing I don't really...""
VS
""I don't like sand; It is course rough and it gets everywhere...""

I enjoyed my time with this. Yes, it may be corny; yes, it has horrible effects; But how can I hate a movie that ends with my most listened to song last year. 15 steps by Radiohead.
",,2026-04-18
2026-04-19,Stalker,1979,https://boxd.it/e25gNN,3.5,,"and the wettest movie ever award goes to stalker.

I might lower or raise my rating depending on how it sits. 

This whole movie feels like it is setting up for something that doesn't ever happen. My roommate came back 2 hours into the movie and asked what's happened and we literally said nothing. 

If I had gone into this knowing that nothing would happen I might have been more inclined to enjoy it, but as it stands I'm left with nothing to latch on to.

The dialogue was incredible, and the sets were gorgeous. The last few minutes were well placed and memorable, and lay out the main topic of the movie pretty well -- happiness.",,2026-04-18
2026-04-20,Raising Arizona,1987,https://boxd.it/e32DWB,4,,I liked when they screamed for 4 minutes straight.,,2026-04-19
2026-04-21,Marcel the Shell with Shoes On,2021,https://boxd.it/e3OSWx,2,,"WHATCHED FOR FILM

The shells voice actor was really annoying and most of the movie is him talking. IDK I know this is for some people, just absolutely not for me.",,2026-04-20
2026-04-22,Free Radicals,1958,https://boxd.it/e45e1Z,,,"WHATCHED FOR FILM

I liked that it showed the full films it was discussing.",,2026-04-21
2026-04-22,M,1931,https://boxd.it/e4j3dN,3,,They would turn off all sound when no one was talking and that was pretty annoying. Otherwise pretty ok.,,2026-04-21
2026-04-22,Spider-Man: Beyond the Spider-Verse,2027,https://boxd.it/e4mGe7,,,FINALLY GOT A RELEASE DATE AND ITS NOT NEXT DECADE. ,,2026-04-21
2026-04-24,Invincible: Atom Eve,2023,https://boxd.it/e5zOV9,4,,"Season 4 Invincible 

I liked the way that omniman is still brash in his humility, and that oliver is becoming more white. Thragg was cool, and seeing the red dudes take out a bunch of viltrimites was cool. The first few episodes were a little crowded for me. Bro what was episode 4.

Ranking 
5 - perfect - 5
2 - 5
6 - 5
7 - 4.5
3 - 4
1- crowded - 3.5
8- only the ending was good at all. - 2.5
4 - .5",,2026-04-23
2026-04-24,The Double,2013,https://boxd.it/e5MY8n,4.5,,"I am going to take this time to rant about a movie that is pretty much exactly like this but fails in a key area that I believe this film succeeds in.  This film is ""Fight Club"", so spoilers for both.

""Fight Club"" and ""The Double"" are films that involve the personification of a caricature of what one wishes themselves to be but can't articulate within themselves. For instance, I wish I was strong, but I don't want to go to the gym so I'm going to fantasize about being that jacked guy -- kind of like that. And in the end the only way the main character can grow is by almost killing themselves causing their imaginary image to fade back into themselves.

The key difference between these films is that ""The Double"" is a hyper-stylized world where nothing is quite the way it is normally, while ""Fight Club"" is an extremely grounded film that takes itself very seriously. 

Now there are dreamlike qualities to both, but one thing in which they differ is that in ""Fight Club"" the characters seem to be based in reality, but then they make the characters do unrealistic things (e.g., joining in on someone beating themselves up, watching someone beat themselves without doing anything, joining a terrorist organization made by someone who beats himself up). Unlike this in ""The Double"" the characters are essentially one dimensional except for our protagonist showing that this is his perception of reality and that everything that happens in this film is just the way he thinks of it, not an objective reality. 

This is where I think this movie thrives is a critique of one man's mind and the distorted way he sees other people also as caricatures of who they actually are, such as his boss who only seems to be there for the protagonist's disadvantage, even though that is obviously not how it is in reality. This is even more shown in the dialogue as this film is so disconnected from how most people talk that it is obviously a distortion of reality, as opposed to fight club which has a very grounded realistic dialogue pattern.

<a href=""https://boxd.it/U6MAS"">Doubles</a>",profile,2026-04-23
2026-04-24,Eraserhead,1977,https://boxd.it/e5PBDN,2,,"Let me paint you a picture. I am eating my Burrito wanting to watch a disturbing, but not scary horror movie. I have had this on my radar for a while, so I turn it on.

my brain 30 minutes later: ew ew ew ew ew ew, gross, ewewewewew, vomit, vomit, eweweweweewewewewewewewe, 

anyway, I really liked the main performances.",,2026-04-23
2026-04-24,Blade Runner,1982,https://boxd.it/e5VvcN,3.5,,"no one does it like Ridley Scott. I thought this felt like a really long episode of like animated batman or something, and the second act was a bit tedious. Some of the performances were a bit flat. vibes go crazy though. Def liked this one more than 2049.",,2026-04-23
2026-04-25,Vertigo,1958,https://boxd.it/e6enX5,4,,It seems the real vertigo are the friends we made along the way.,,2026-04-24
2026-04-25,Ferris Bueller's Day Off,1986,https://boxd.it/e6q7Aj,3,,Phinehas and Ferb if it was less funny.,,2026-04-24
2026-04-26,The Double Life of Véronique,1991,https://boxd.it/e75WqB,4,,"This director has the best coloring of any I've seen and brings the absolute best out of his cinematographers. Some of the plot seemed a bit contrived and it was a little confusing even for me, but still extremely good.",,2026-04-25
2026-04-26,Paranormal Activity,2007,https://boxd.it/e7zxtb,3.5,,"Solid, bad audio quality, otherwise everything that should come from a found footage.",,2026-04-25
2026-04-27,The Haunting of Hill House,2018,https://boxd.it/e8AtLh,4.5,,"I'll edit as I watch

Ep. 1: 8/10
Ep. 2: 7/10
So far bland lighting and bad effects, but really cool structure and premise. +Actually scary.

Ep. 3: 8/10-child actress better
Ep. 4: 9/10
Still awful lighting. Structure can sometimes be confusing, but it's still pretty good.

Ep. 5: 10/10-
Better lighting, started good ended great.

Ep. 6: 10/10-
Some extremely long shots.

Ep. 7 8/10- loses pacing
Ep. 8 9/10
The shows payoff better be good

Ep. 9 6/10- booo
Ep. 10 7/10- resolution slop
Bad resolution. Overall great show.",,2026-04-27
2026-04-29,Psycho,1960,https://boxd.it/e9O51B,4.5,Yes,"""You think I'm fruity huh""
Why yes; yes I do.",,2026-04-28
2026-04-29,A Trip to the Moon,1902,https://boxd.it/ea47lZ,,,The best part was when they said it's a trip to the moon time and a tripped to the mooned all over the moons face.,,2026-04-29
2026-05-01,Enemy,2013,https://boxd.it/eaXrVN,2.5,,"not nearly as good as the double. I hate spiders and nearly had a panic attack at that ending. The weird stuff was very weird, and the near ending was predictable. The allegory doesn't work. I also think the yellow was a bit obnoxious. ",,2026-04-30
2026-05-02,Brazil,1985,https://boxd.it/ec1W93,3,,In this movie about the tedium of bureaucracy a guy literally drowning in paperwork unironically is a little on the nose. If I see the government blow up one more door I'm gonna start a life of being a freelance heat engineer and terrorist.,,2026-05-01
2026-05-02,Arrival,2016,https://boxd.it/ech7O7,4,,This is the canonical origin story for the 5th dimensional humans in intersteller.,,2026-05-01
2026-05-02,TheM,2021,https://boxd.it/eckWMx,2.5,,"Cinematography was goated.
Story was alright with some areas that could be fixed with more budget for effects or exposition (although only one of those was necessary). The acting was awful though; as in atrocious. Might lower score depending.",,2026-05-02
2026-05-03,Rushmore,1998,https://boxd.it/ed08CV,3,,I liked when Bill Murrey smoked two cigars at once.,,2026-05-02
2026-05-03,Hokum,2026,https://boxd.it/edgCM9,4.5,,"Bro, this is the scariest movie ever. My flaws with this movie are so minimal it's insane.",,2026-05-02
2026-05-04,Nashville,1975,https://boxd.it/ee1YJl,3.5,,Jeff Goldblum had so much aura holy cow.,,2026-05-03
2026-05-04,Alps,2011,https://boxd.it/eekILj,2,,"Dude, what. Why is this movie like this.",,2026-05-03
2026-05-05,A Short Film About Killing,1988,https://boxd.it/eeMyDZ,4,,"The succinctness of this with the way we are told their stories; from the inhumanity of the victim to the different vignettes of every shot, this is art.",,2026-05-04
2026-05-05,Anatomy of a Fall,2023,https://boxd.it/ef4ZV3,3.5,,It was totally the kid I'm 100% sure.,,2026-05-04
2026-05-05,The Sacrifice,1986,https://boxd.it/efaDyX,4,,"I want to say I loved the film as being a story of the consequences for making a deal with the devil.

I want to love this film for its infantilizing idealization of hedonism and debauchery.

I want to love this film, but instead it ends up being just very good. The message ends up too frustratingly consequenceless for a movie called the sacrifice.",,2026-05-05
2026-05-08,Shattered Glass,2003,https://boxd.it/egTuWv,3.5,,That photograph comment at the end would NOT hold up today.,w/ nana,2026-05-07
2026-05-08,The Unbearable Weight of Massive Talent,2022,https://boxd.it/egYh9l,2.5,,"Look, I love Nick as much as the next guy, but this doesn't work. Repetitive and tired, and the story in the story feels unnearned.",,2026-05-07
2026-05-08,The Boys from Brazil,1978,https://boxd.it/ehcqpb,3.5,,Amazing premise. Subpar characters.,,2026-05-08
2026-05-09,The Birds,1963,https://boxd.it/ehBDXF,2.5,,"Don't you know about the bird. Everybody knows that the bird is the word. 
Insert Peter Griffin gif.",,2026-05-08
2026-05-09,The Assassination of Jesse James by the Coward Robert Ford,2007,https://boxd.it/ehSSwt,4.5,,"Holy performances.

This camera goes crazy",,2026-05-08
2026-05-10,Diabolique,1955,https://boxd.it/eijqhf,3,,"-1/2 French deduction
Pretty good, it could have been shorter though, some of the interactions seemed to drag, but overall a good time.",,2026-05-09
2026-05-10,Aliens,1986,https://boxd.it/eiv8eB,4,,🐱>👶,,2026-05-09
2026-05-10,The Godfather Part II,1974,https://boxd.it/eiX2GP,4.5,,"Yeah, this one's better",,2026-05-10
2026-05-10,Final Destination,2000,https://boxd.it/eiX89d,3,,Could've been funnier.,,2026-05-10
2026-05-10,The Hourglass Sanatorium,1973,https://boxd.it/eiXbX1,3.5,,"Completely nonsensical, but the best sets ever",,2026-05-10
2026-05-10,Persona,1966,https://boxd.it/eiXwP3,5,,There's a world where this is my favorite film.,,2026-05-10
2026-05-10,Fantastic Planet,1973,https://boxd.it/ej28TZ,2.5,,"-1/2 French deduct
7th movie today bc of travel. Cool animation I guess",,2026-05-10
2026-05-11,The Seventh Seal,1957,https://boxd.it/ejUXIr,4,,The script is a 10/10 easily. It feels exactly like Shakespeare and he's the goat. I just think the script could have been translated better to film.,,2026-05-11
2026-05-12,The Fast and the Furious,2001,https://boxd.it/ekjtkz,3,,"They kept introducing a location by showing scantily dressed women, that was really annoying.",,2026-05-11
2026-05-13,Moon,2009,https://boxd.it/ekPrzr,3.5,,Extremely entertaining. Loved the performance. Gerty is prob the greatest space robot guy.,,2026-05-12
2026-05-13,Ponyo,2008,https://boxd.it/ekVIo3,2.5,,Cool animation. Wholesome-slop,,2026-05-12
2026-05-13,Ivan's Childhood,1962,https://boxd.it/el4KRJ,3,,"I loved every character interaction but Ivan's. Masha's character is one of the best ever written, but idk this movie was just alright.",,2026-05-12
2026-05-14,Mirror,1975,https://boxd.it/eluokl,3.5,,"Unlike the other Tarkovsky movies I've seen this one doesn't have a plot that it travels across. The nonlinear, nonsystematic style makes it hard to follow. When I watched a video on it it said you are just supposed to ""feel"" this movie and, no, I'm not going to. I liked this though.",,2026-05-13
2026-05-14,Gone Girl,2014,https://boxd.it/elzLfX,4.5,,No other movie uses sexual stereotypes so accutely and effectively as this.,,2026-05-13
2026-05-14,Zombieland,2009,https://boxd.it/elQuSn,3,,Performances were pretty good.,,2026-05-14
2026-05-15,The Departed,2006,https://boxd.it/emW7wp,4.5,,That game of secret Hitler went way out of hand.,,2026-05-15
2026-05-16,Groundhog Day,1993,https://boxd.it/emXOoP,3.5,,Pretty cool,,2026-05-15
2026-05-16,Project Hail Mary,2026,https://boxd.it/enjqOj,4,Yes,"Watched with family, brothers liked it so so much and mom thought it was boring and said the book was boring.",,2026-05-15
2026-05-17,Dr. No,1962,https://boxd.it/eo6m9p,3,,"Starting all James Bond with my dad! Will make a list after the next one.

Pretty much doesn't excel at anything, but is proficient in most.",,2026-05-16
2026-05-18,Wild Strawberries,1957,https://boxd.it/eoN9Fj,3.5,,"Feels like Ecclesiastes with the reminiscence, generations, and vanity of it all. I probably will like this more with age.",,2026-05-17
2026-05-18,Obsession,2025,https://boxd.it/epbTQl,1,,"Let me have one bad take. I'm nauseous. I want to barf. I want to slam my head against the wall. After about 15 min in I stopped enjoying any aspect of it. I was 🤏 close to leaving, but I stayed like an absolute retard. 🤮🤢🤮🤢",,2026-05-17
2026-05-19,The Wind Rises,2013,https://boxd.it/epJpnB,3.5,,My 12 yo brother said this was a 6/10 and Ponyo was a 2/10. Are we sure these are kids movies.,,2026-05-18
2026-05-19,The Pink Panther,2006,https://boxd.it/epMead,1.5,,"-1/2 for the french
I hate this",,2026-05-18
2026-05-19,Annie Hall,1977,https://boxd.it/eq0R89,4.5,,This movie represents the way I think. May be a 10.,,2026-05-18
2026-05-19,Autumn Sonata,1978,https://boxd.it/eq6oyz,4,,Loose at parts. Great movie.,,2026-05-19
2026-05-20,Nightcrawler,2014,https://boxd.it/eqz1Wr,4,,"I hate the way the reporter girl reacts to Jake's antics, but the rest was pretty solid.",,2026-05-19
2026-05-20,Paddington 2,2017,https://boxd.it/eqzeNR,3.5,,Hugh Grant is funny,,2026-05-19
2026-05-20,Primer,2004,https://boxd.it/eqMy1z,3.5,,Dope,,2026-05-19
2026-05-21,Oblivion,2013,https://boxd.it/ereAH9,3,,Some of the worst sound design ever. Fine.,,2026-05-20
2026-05-21,Godzilla,1998,https://boxd.it/ertR07,3,,"Practical effects look great, cgi is bad.",,2026-05-20
2026-05-22,Coherence,2013,https://boxd.it/esxkRf,4,,"So incredibly cool. Maybe to much expo, maybe slightly subpar acting, but when it hits it hits hard.",,2026-05-22
2026-05-23,From Russia with Love,1963,https://boxd.it/etkInB,3.5,,"I really liked this one. I feel like it has a lot less of the problems as the first one, and keeps all of the great parts of Bonds character.

<a href=""https://boxd.it/UCfIe"">James Bond Ranked</a>",,2026-05-23
2026-05-24,Jurassic Park,1993,https://boxd.it/eudwaF,4,Yes,"Me halfway through the movie. Oh, man, they are going to just fridge my guy Jeff. Little bro agreed with my rating.",,2026-05-24
2026-05-25,The Royal Tenenbaums,2001,https://boxd.it/euzMcB,3,,"Acting is good, the dialogue is not as interesting as some of the other Wes Anderson movies I've seen.",,2026-05-24
2026-05-25,The Virgin Spring,1960,https://boxd.it/euBbzH,4,,This is the cyniscism of a nonbeliever missing the crucial points of Christianity and thus this movie represents the idea of shifting the faith towards ones will very well.,,2026-05-24
2026-05-26,Aniara,2018,https://boxd.it/evoQbf,2,,Started fine I guess. I gave up at the orgy and turned it off.,,2026-05-25
2026-05-26,Man of Steel,2013,https://boxd.it/ew8efF,3,,Expo dump the movie.,,2026-05-26
2026-05-27,Fried Green Tomatoes,1991,https://boxd.it/ewt4Lt,3.5,,"While some of the twists were predictable, and they leaned into a few cliche's this is an incredibly competently made film, and I enjoyed it thoroughly.",,2026-05-26
2026-05-29,Burn After Reading,2008,https://boxd.it/exPSub,3,,So it's just throwing spaghetti at a wall.,,2026-05-28
2026-05-29,About Time,2013,https://boxd.it/eyuoZF,4,,"<blockquote>We have to go back in time to the new years eve party to get jimmy off the menu. That's right, we have to go back in time to the new years eve party to get jimmy off the menu.</blockquote>Least consequential time travelling ever. So your telling me they can go back to their original time whenever and even just immediately fix any of there mistakes time travelling by just not doing them -- bro. All in all a great movie, and the acting was phenomenal. 

Hot take Margot Robbie's gay friend was way more attractive than her.",,2026-05-29
2026-05-30,The Island,2005,https://boxd.it/eyFjOz,4.5,,"Essential watchlist: <i>The Truman Show</i>, <i>Attack of the Clones</i>, <i>Bladerunner</i>, <i>12 Monkeys</i>, <i>The Matrix</i>, <i>Oblivion</i>, any lame action movie from early 2000's, and an Aquafina ad.

I think people just hate Michael Bay and that's why they hate this movie. This is the first of his I've seen, so I'm not biased. While the movie is derivative I DO NOT care. You know how people who love cars love <i>Fast and Furious</i>, I love clones so I LOVE this. 

ScarJo's performance really is like a 15 year old so it kinda works (a little maybe), and the ad's in this movie are so blatent that it improved the experience for me, with comedy.

If I had a nickel for every time Ewan McGregor was in a movie revolving around clones I'd have 2 nickels (I know there's more just count <i>Star Wars</i> as one). Which isn't a lot, but it's weird that it happened twice.

All in all I highly recommend.

<a href=""https://boxd.it/U6MAS"">Doubles</a>",,2026-05-29
2026-05-31,Magnolia,1999,https://boxd.it/ezymwX,3.5,,"I loved Julianne Moores character and the kid guy. Thought some of it was superfluous, but I think that was the point. Look I understand this is a masterpiece in directing and storytelling, but it struck to many of my pet peeves so it will sit in 7/10 with <i>Gone With the Wind</i> and <i>Little Women</i>

Tom Cruise creeped me out.",,2026-05-30
2026-05-31,Collateral,2004,https://boxd.it/ezL3BP,3.5,,Mom said it was slow. Really had the insomnia vibes tho.,,2026-05-30
2026-06-02,THX 1138,1971,https://boxd.it/eBGCiL,3.5,,"Very similar to blade runner in structure. There is a world where everything lands for me and it's a 10/10, but it slowly started to feel less and less ethereal as the movie comes along.

Ps. The subtitles are the best ever. Just trust me.",,2026-06-01
2026-06-03,Network,1976,https://boxd.it/eCxb0B,3.5,,"Im just going to start ranting and and once I figure out a rating for this I'll stop. The comedic bits are hilarious and $obert Duvall and Howard Beale are phenomenal, and the speech to Howard Beale about the loss of autonomy is great (if not redundant). The main plot of Beale is amazing, but the side plot with Diana and Max fell kinda flat and didn't hold up the proper weight throughout the film. I think this is really what takes me out of this film was how bipolar it was in what we should be caring about (not to be confused with the topics at play, that should be bipolar). My mom really didn't like it telling me I'm not allowed to pick movies from now on. You know this felt like Suits but less witty and more substantial because of that I'm going to go with a 7/10.",,2026-06-02
2026-06-03,The Intern,2015,https://boxd.it/eCIvY9,2.5,,Extremely cringe in its references to melinials (not to defend melinials). Reverse the devil wears prada.,,2026-06-02
2026-06-04,Unedited Footage of a Bear,2014,https://boxd.it/eDelJd,,,"Longest ad break ever. I loved it

<a href=""https://boxd.it/U6MAS"">Doubles</a>",,2026-06-03
2026-06-04,Predestination,2014,https://boxd.it/eDAd6V,4.5,,"The setup is very reminiscent of <i>Vertigo</i> with a long, drawn out, relatively disinteresting sequences. Then, also like <i>Vertigo</i>, you realize that it was absolutely necessary and amazing for the story.

It is incredibly predictable, but that lends itself to the story, because even though all of your predictions will be correct you won't get everything and thus the movie's strength. Much like <i>Primer</i> in its structure, but more decipherable in the end.

This movie also fulfilled a lot of niche things that I love in filmmaking such as an interesting plot, great cinematography, and spectacular performances. Lowkey might be a 10/10, but I'm being modest because there were small parts that were a bit annoying.

Along with all of this my mom liked it so this is a win.

<a href=""https://boxd.it/UFh3I"">Time Travel</a>",profile,2026-06-03
2026-06-05,The Hunt for Red October,1990,https://boxd.it/eEfWwh,3.5,,Sean Connary is a gift from Russia with love in this.,,2026-06-04
2026-06-06,Backrooms,2026,https://boxd.it/eFb7Mz,3.5,,"I just drove stick for the first time in 4 years, in Europe, and that was so much scarier than this. It was cringy, campy, and a whole lotta just vibes, but you know what I enjoyed my time.

I guessed the reason for the Jesus statue within 5 min of seeing it.",,2026-06-05
2026-06-07,The Lego Batman Movie,2017,https://boxd.it/eFMOIT,4.5,Yes,"I've seen this movie maybe more that 50 times. It's so great. 

<blockquote>The kind that makes perents and studio executives nervous. </blockquote>",,2026-06-06
2026-06-07,10 Cloverfield Lane,2016,https://boxd.it/eFUNVj,3.5,,"Not as good as <i>cloverfield, </i>but still delivered. I had to stop 3/4 way through bc my brother had to leave. I was staying up because of how uncomfortable this made me. Not scary persay but tense.",,2026-06-06
2026-06-08,Birdman or (The Unexpected Virtue of Ignorance),2014,https://boxd.it/eGW5fV,4.5,,"Edward Norton playing himself in this rules. I loved all of the performances, the sound, and the cinematography. This was so cool.",,2026-06-07
2026-06-09,Scott Pilgrim Takes Off,2023,https://boxd.it/eIEKap,4,Yes,"Im trying to get rid of all my shows ratings and replace them with likes, but this one I watched in one sitting and is shorter than gone with the wind so I'm counting it as a movie.",,2026-06-09
2026-06-10,Spirited Away,2001,https://boxd.it/eJ1f13,4,,"Amazing, now my family kinda ruined it forcing me to watch the miserable dub (not to dis dubs <i>The Wind Rises </i>dub was great), and they all didn't really enjoy it a whole lot. Me, myself, thought it was so incredibly crafted and well organized. Reminds me of <i>Over the Garden Wall.</i>",,2026-06-09
2026-06-11,"Love, Death & Robots: Three Robots",2019,https://boxd.it/eJFqYl,,,"Mark Beaks from DuckTales my goat.

<a href=""https://boxd.it/UZQBq"">Ranking</a>",,2026-06-10
2026-06-11,"Love, Death & Robots: Beyond the Aquila Rift",2019,https://boxd.it/eJFOGP,,,"Me getting ready to skip: 🫪 
Me after skipping: this is really gross maybe I should stop before I get to far

Also horrible horrible Xbox cutscene  animation

<a href=""https://boxd.it/UZQBq"">ranking</a>",,2026-06-10
2026-06-11,"Love, Death & Robots: Ice Age",2019,https://boxd.it/eJG7jl,,,"This reminds me of a rock and Morty episode I watched: Mr nimbus, and I HATE RICK AND MORTY with a passion.

<a href=""https://boxd.it/UZQBq"">ranking</a>",,2026-06-10
2026-06-11,"Love, Death & Robots: Sonnie's Edge",2019,https://boxd.it/eJGlpH,,,"And there goes my love Death and robots arc. We might watch the tincher ones, but I'm out.

<a href=""https://boxd.it/UZQBq"">ranking</a>",,2026-06-10
2026-06-12,The Butterfly Effect,2004,https://boxd.it/eKqkjF,3.5,,"This movie incists upon itself way to much, and falls into the time travel movie effect (which I am dubbing the Kenan effect) where none of the characters get fleshed out to there core because of all the tomfoolery. Also I didn't realize the director's cut was so much better so that might have changed my view on it.

<a href=""https://boxd.it/UFh3I"">Time Travel</a>",,2026-06-11
2026-06-12,Transformers One,2024,https://boxd.it/eKuhEN,2,,Soulless unfunny garbage,,2026-06-11
2026-06-12,Doppelgänger,2003,https://boxd.it/eKIV2n,3.5,,"All of the doppelganger stuff was great, but the last 20ish minutes were really lame and uninteresting.

More movies need split screens.

Also it was really blurry on kanopy so I'm just assuming that's a kanopy thing and not the movie

<a href=""https://boxd.it/U6MAS"">Doubles</a>",,2026-06-12
2026-06-13,A Quiet Place,2018,https://boxd.it/eLsUs7,2.5,,"Um, kinda lame",,2026-06-12
2026-06-15,Sherlock: The Great Game,2010,https://boxd.it/eN8WPv,,,Great,,2026-06-14
2026-06-16,The Discreet Charm of the Bourgeoisie,1972,https://boxd.it/eOctKD,4.5,,"- 1 for being in french, but honestly it's fine with this one.

A perfect display of the french being a bunch of snooty self rightous entitled scumbags who fail to eat because of there proprietary insistence on ""class""",,2026-06-15
2026-06-18,World on a Wire,1973,https://boxd.it/ePJ8mZ,4.5,,"This movie reminds me of a YouTube video I watched that made this movie sooooo much better. This is remenicient of <i>The Matrix</i>, so it's incredible. This has the things that ""Blade Runner"" is missing for me

<a href=""https://youtu.be/GBUu_FxCAgE?is=Vz26vHhP4UJ9bbvj"">Youtube</a>

Spoilers ahead:
The sheer amount of mirrors makes me think that the main level had to have the greatest light tracing software ever and they where just showing off. 

Eva is crazy (and creepy) for loving him it's nearly as bad as falling for an Ai boyfriend. Like Stiller just slept with whore women; you really want that?

The camera utilizing all the mirrors; Having good uses of quick zoom; and having extremely long zoom shots.",,2026-06-17
2026-06-19,Drive,2011,https://boxd.it/eQvA83,2.5,,"To much just for the shock factor. It incists upon itself, and doesn't have enough driving.",,2026-06-18
2026-06-20,The Killer,2023,https://boxd.it/eRmi0r,3,,"Perfectly fine. Idk it just felt kinda corny and derivative with an unsatisfying conclusion. It would be a 7/10 if it weren't for the insane amount of ads throughout the film.

Edit: for the record derivative is not bad, but when I'm thinking ""hmm this is like Dexter"" the entire time maybe that's a problem.

<a href=""https://boxd.it/Urc28"">Fincher</a>",,2026-06-20
2026-06-21,Prometheus,2012,https://boxd.it/eSEwCz,4,,"I have a feeling I've seen all of Ridley's good movies. I liked it more than aliens, but it's def not alien, but it's cool. I like how Ridley does characters by not explaining them very much, but give them very human (or not) personalities and just has them do things without arcs or development.",,2026-06-21
2026-06-21,Men,2022,https://boxd.it/eSGbSP,0.5,,"I'm gonna be honest this is the worst movie I have ever seen.

I hope this fact that you have to see a man give birth to full-sized men 7 times in a row with visceral gore and nudity is enough to disuade anybody from watching this.",,2026-06-21
2026-06-22,The Amazing Digital Circus: The Last Act,2026,https://boxd.it/eSO5Kh,,,"This show is one of my favorites. Now I won't say that the ending was perfect or even greatly satisfying, but it didn't suck and thats all that matters. 10/10 show.",,2026-06-21
2026-06-27,Moby & the Void Pacific Choir: Are You Lost in the World Like Me,2016,https://boxd.it/eXthpj,,,"I'm at camp, but I couldnt help doomscrolling LetterBoxd and I found this atrocity has horrible ratings so I watched it out of curiosity. Yep it sucks. Also the song sucks bad, not just the video.",,2026-06-26
2026-06-30,Ad Astra,2019,https://boxd.it/f0Hqs7,2,,"If you are obsessed with lens flares and want every other shot to have the most obnoxious lens flare you've ever seen, maybe this is the movie for you.

Awful dialogue, bad Brad Pitt performance, but the set designs were very good even though the CGI was awful.",,2026-06-30
2026-06-30,Persona,1966,https://boxd.it/f0Mmwp,5,Yes,"This movie is, maybe, objectively the best ever. The camera work is so precise, fine, and indulgent. The black and white make the incredible lighting that much better. The acting from both of the leads are life changing.

Ingmar Bergman is the best script writer since Shakespeare. The way he portrays characters is scarcely matched (old Ridley Scott maybe). The way he uses the script in unique ways in this movie to make it have weight and depth. The way the shots linger as the music swells past climax. The way you can hear slight feedback in the hospital. The way Bergman shows cars in his movies. All of these decisions just make it that much greater.

The score is amazing for it's time when everything sounded the same with swells and peaks similar to that of Psycho. 

While Autumn Sonata thrives of of one specific encounter that is fueled by our perspective, this movie forces us out of perspective as we see a psychological war that is played out over many ""conversations"" (or monologues idk). 

SPOILERS
The use of this movie as a vampire movie just makes it that much more provocative and thoughtful. One interpretation is Alma is being mind controlled by Elisabet to become Elisabet's replacement. Or that Elisabet is just trying to see how far she can control someone.

Alma being able to break this control by backfiring it onto Elisabet is one of the greatest uses of resistance to suppression ever. Something Harry Potter, Fight Club, etc. wish they could achieve. 

Both women are evil in there own right and reflect on there mistakes with guilt that permiates their souls.

Pretty much I could talk about this movie for hours and you should watch it.

Edit: oh and the sunglasses showing the victims transition into Elisabet's playthings 👌.

<a href=""https://boxd.it/PZYXk"">Perfect Films</a>",profile,2026-06-30
2026-07-01,Always Shine,2016,https://boxd.it/f1aN0D,4,,"You can't convince me that the editing in this film is bad if we had 4 years.

Kinda cliche with some of the dialogue, and the characters are a bit 1 dimensional, until they aren't. Overall just an extremely interesting film.

I recommend <i>Coherence</i> into this double header.

<a href=""https://boxd.it/U6MAS"">Doubles</a>",,2026-06-30
2026-07-01,Dead Ringers,1988,https://boxd.it/f1DQ05,3.5,,Sure buddy good for you. Entertaining enough. Very harsh and heavy.,,2026-07-01
2026-07-02,Alien: Covenant,2017,https://boxd.it/f1LiIN,2.5,,"David goat, movie awful",,2026-07-01
2026-07-03,The King of Comedy,1982,https://boxd.it/f2P0kP,3.5,,"Very <i>Network</i> adjacent, loved the ending, but thought that parts of the movie were tedious. I loved the way the daydreams were made with little unnecessary indications becides that it would never happen, or like something slightly off, but no camera tricks or musical indications.",,2026-07-02
2026-07-03,Minority Report,2002,https://boxd.it/f38bwv,4,,"Solid, great performances and unique lighting. I'm not really a Spielberg glazer, I think his movies often look perfunctory, and largely that's the same here, but the premise is just so strong and the performances so good that this one shines.

<a href=""https://boxd.it/QHHmE"">Favorites</a>",,2026-07-03
2026-07-04,Sonic the Hedgehog 3,2024,https://boxd.it/f3G4ch,4,Yes,Did you know that liking sonic is a possible sign of autism.,,2026-07-03
2026-07-04,The Bourne Supremacy,2004,https://boxd.it/f453hP,4,,"Editing 10/10
Lighting 9/10
Plot 6/10
Cool aura farming moments 11!!!!!/10",,2026-07-04
2026-07-05,The Favourite,2018,https://boxd.it/f4HqXv,4,,"<b>F R O M  T H E  W O R L D  O F
B  A  R  R  Y L  Y  N  D  O  N
W   E   B   R   I   N   G Y                    O                     U
G                   A                      Y</b>

I can't get the formatting to work🤷",,2026-07-04
2026-07-07,The Magician,1958,https://boxd.it/f6YF2r,4.5,,"It's hard to explain in what ways make this movie great. It's like if <i>Diabolique</i> was interesting in more ways. I'm annoying my parents with how much I like Bergman. I think <i>Persona</i> is a masterpiece and the other films I've seen of his are great, but this one was so cathartic and self aware -- I loved it. All of the characters are believable and represent extremes which is something I really enjoy in media (take <i>12 angry men</i>). 

All in all a great movie.

<a href=""https://boxd.it/QHHmE"">Favorites</a>

<a href=""https://boxd.it/UDZrK"">Bergman</a>",,2026-07-06
2026-07-09,The Secret Life of Walter Mitty,2013,https://boxd.it/f8zZYj,3,,"BOOOOORRRRIIIINNGGG.
some great cinematography however.",,2026-07-08
2026-07-09,Another Earth,2011,https://boxd.it/f8DUOh,4,,"I want to watch the other earth version  of this (that doesn't exist) that continues past the ending point of this one, even if it is boring (which it probably would be)",,2026-07-08
2026-07-09,The Fly,1986,https://boxd.it/f8Yltl,3,,"🤮🤢, but it's Jeff Goldblum, I mean, whatcha gonna do.",,2026-07-09
2026-07-10,Tomorrowland,2015,https://boxd.it/f9zvUZ,1,,"Awful, horrible, boring, lame, useless, corperate slop.",,2026-07-09
2026-07-10,Blind Chance,1987,https://boxd.it/f9RnjH,4.5,,"Literally everything I want in a movie. Maybe slightly less well shot than some of Krzysztof Kieslowski's work but it makes up for it in aleverything else. Only not a 10 because of extended necessary (for dialogue) scenes with full nudity. 

Make sure you pay attention the full time, I had to rewatch the first 20 min to make sure I got everything. 

This director has a double and time travel movie and yet is one of the most personal character driven directors ever. If you haven't already seen one of his movies go watch one; I recommend <i>Blue </i>for a first watch.

<a href=""https://boxd.it/UhneY"">Krzysztof Kieslowski</a>

<a href=""https://boxd.it/UFh3I"">time travel</a><i></i>",,2026-07-09
2026-07-10,Isle of Dogs,2018,https://boxd.it/fakxF7,3.5,,"Kinda reminds me of Marmaduke (insult)

<a href=""https://boxd.it/UeY7O"">Wes Anderson </a>",,2026-07-10
2026-07-12,Andrei Rublev,1966,https://boxd.it/fbSLm1,3.5,,"Literally would have flipped if it ended any other way. Part 1 was rough but part two was on point.


Horse falling 👌.

<a href=""https://boxd.it/Ur2CK"">Tarkovsky</a>",,2026-07-12
2026-07-13,North by Northwest,1959,https://boxd.it/fcqJVV,3,,It's ok,,2026-07-12
2026-07-13,mother!,2017,https://boxd.it/fcTTIP,5,,"I didn't know Jennifer Lawrence could act.

This movie is very subtle in the way it beats you with a sledgehammer about it's themes.

<a href=""https://boxd.it/PZYXk"">perfect movies</a>",,2026-07-13
2026-07-13,Unbreakable,2000,https://boxd.it/fdsP5f,3.5,,"Reminds me of <i>good will hunting</i>, but without the good dialogue or interesting characters.

Edit: wrote before the twist, cool twist.",,2026-07-13
2026-07-14,The Lord of the Rings: The Fellowship of the Ring,2001,https://boxd.it/fdEuo5,5,Yes,A lot of smart editing in this to keep the CGI from getting too corny. Best magic system ever.,,2026-07-13
2026-07-14,Paths of Glory,1957,https://boxd.it/fdS5rL,3.5,,"Another reason to hate the french people, calling it a civilized language pshsbsb.

<a href=""https://boxd.it/UEPJG"">Kubrick </a>",,2026-07-13
2026-07-14,Black Swan,2010,https://boxd.it/fe32wv,4,,"I have seen so many movies like this I'm just gonna start naming them: <i>Whiplash</i>, <i>Birdman</i>, <i>Fight Club</i>, <i>Always Shine</i>, <i>The Double</i>, Persona, <i>Enemy</i>, and parts of <i>Hereditary</i>. 

This one feels kinda straightforward, as far as these stories are concerned. Most of the above are great movies, and this one is among the greats, but it's not THE great.

This also gives of the same vibes as <i>Donnie Darko</i> so I understand why so many girls like donnie so much

<a href=""https://boxd.it/U6MAS"">doubles</a>",,2026-07-14
2026-07-14,Psycho,1960,https://boxd.it/fevaSP,4.5,Yes,"The score, lighting, and acting are all some of the greatest. Anthony Perkins absolutely goated",,2026-07-14
2026-07-15,The Lord of the Rings: The Two Towers,2002,https://boxd.it/feH31X,5,Yes,"Spectacular, this one has a lot of character growth and relations. Mary and pippin are real characters. The magic only got better. Only complaint is the elf thing gets to little explanation and it's not clear how many survive.

<a href=""https://boxd.it/PZYXk"">Perfect</a>",,2026-07-14
2026-07-15,12 Angry Men,1957,https://boxd.it/fePoBt,5,Yes,"I mean, it's perfect what do you want",,2026-07-14
2026-07-15,The Village,2004,https://boxd.it/feXvA9,3.5,,"17 min in: I think the village is an expirament and the outside world is modern.

After: yeah, kinda nailed that one. Felt like <i>Over the Garden Wall</i> vibes wise which I loved. Kinda just paint by numbers without really ruminating on anything. Overall a solid movie.",,2026-07-14
2026-07-15,Stoker,2013,https://boxd.it/ffq1f9,5,,"I don't know if I should be putting it in public that I loved this movie so much, but it's kinda just perfect in every way.

Does rating this and Mother! A 10/10 make me a sociopath, idk.

<a href=""https://boxd.it/PZYXk"">perfect</a>",,2026-07-15
2026-07-16,Sympathy for Mr. Vengeance,2002,https://boxd.it/fftBod,3.5,,An eye for an eye makes the whole world blind.,,2026-07-15
2026-07-16,The Empire Strikes Back,1980,https://boxd.it/ffyoEd,5,Yes,"Guys ""that's impossible"" is just as bad as ""I don't like sand"".

Forgot Yoda was a chud",,2026-07-15
2026-07-16,The Wild Robot,2024,https://boxd.it/ffIKxN,3,,Both me and 12 yo bro had dry eyes the entire time.,,2026-07-15
2026-07-16,Horse Girl,2020,https://boxd.it/ffR3VZ,3,,I feel like the bakers dozen concept album (with only 12 songs) that sucks is a metaphor for this movie.,,2026-07-15
2026-07-16,The Lord of the Rings: The Return of the King,2003,https://boxd.it/fgkKQr,5,Yes,"I think this might be my least favorite, the battle is less real and the end is drawn out. 
Ranking: 2, 1, 3",,2026-07-16
2026-07-17,The Odyssey,2026,https://boxd.it/fgvjFD,4,,"Robert Pattinson eats.

This didn't sway my rating,  but if your going to use imax at least keep the focus in focus. Like I thought many of the shots were just blurry for no reason.

<a href=""https://boxd.it/QfG7W"">Christopher Nolan </a>",,2026-07-16
2026-07-17,Big Hero 6,2014,https://boxd.it/fgDr0z,3.5,Yes,"This is a movie that I have entirely memorized and I used to think it top 5 movies ever. 

It is good with a good score, but there are so many things that don't fit like being able to tell blood type from a scan. 

I don't think Baymax is cute, and I've never cried so yeah.",,2026-07-16
2026-07-17,Poor Things,2023,https://boxd.it/fgOfcP,1,,"I kept skipping when there was a sex scene, why was this movie 30 min.

The dumb fisheye, the dumb themes, it's all horrid.",,2026-07-17
2026-07-18,The Lego Movie,2014,https://boxd.it/fivHWL,5,Yes,"After realizing <i>Big Hero 6 </i>was mid I was scared to watch this one. Did not disappoint.

When I'm married I will be pulling out the ""honey where are my paaaaaaaaants""

<a href=""https://boxd.it/PZYXk"">perfect</a>",,2026-07-18
2026-07-19,The Lord of the Rings: The War of the Rohirrim,2024,https://boxd.it/fiS7b1,4,,"No it is not as good as lord of the rings, but hey, it's still good.",,2026-07-18
2026-07-19,Despicable Me,2010,https://boxd.it/fj0ukh,4,Yes,Vector has the sauce.,,2026-07-18
2026-07-19,Decision to Leave,2022,https://boxd.it/fjbkL5,4,,"It feels very modern. Idk something about it makes me think that people 50 years from now will be watching it in film history. Park has the best editing.

Seems everyone else also saw the similarities to <i>Vertigo</i>",,2026-07-19
2026-07-20,Over the Garden Wall,2014,https://boxd.it/fjSOJJ,4.5,Yes,All but episode 8 are perfect. Dante's inferno if it was an awkward teen in the fall.,,2026-07-19
2026-07-20,Trolls,2016,https://boxd.it/fjYmjb,3.5,Yes,"Sometimes people go into other peoples mouths and they don't come out.

It's so irreverent and awesome and I love it. Best jukebox musical I've seen. We don't talk about the second one.",,2026-07-19
2026-07-20,The Devil's Advocate,1997,https://boxd.it/fkmD9F,4,,"Keanu Reeves is acting in this, sound the alarms 🚨🚨🚨.

Ending was a little cheap, and the weird stuff was definitely that. Just outstanding work from Al Pacino, somebody give this guy an Oscar.",,2026-07-20
2026-07-20,The Bad Guys,2022,https://boxd.it/fkTes9,3.5,,Kinda predictable. Sam Rockwell is goated tho.,,2026-07-20
2026-07-21,Robin Hood,1973,https://boxd.it/fl4kQt,3.5,Yes,"Some of the sight gags are pretty bad, overall the best Disney classic.",,2026-07-20
2026-07-21,Diggstown,1992,https://boxd.it/fliu2B,3.5,,"The boxing is the worst part, but the other stuff is pretty good.",,2026-07-20
2026-07-21,3 Women,1977,https://boxd.it/flqZjp,4.5,,"So confusing, like <i>Mirror </i>in that since. I feel like I'm somewhat qualified on the two women become friends and one takes on the character traits of the other genre. This feels like the antithesis to Persona where Persona was short and dense this is languid and serpentine. 

<a href=""https://boxd.it/U6MAS"">doubles</a>",,2026-07-20
2026-07-22,Hour of the Wolf,1968,https://boxd.it/fmc0Sz,3,,"Bergman my man, what were you cooking with here, cracked cocaine and dandruff?

<a href=""https://boxd.it/UDZrK"">Ingmar Bergman </a>",,2026-07-21
2026-07-22,A Short Film About Love,1988,https://boxd.it/fmCa5J,4,,"Krzysztof Kieslowski has more filmmaking power in his left pinky toe than the entire team of the MCU combined. 

<a href=""https://boxd.it/UhneY"">Krzysztof Kieslowski</a>",,2026-07-22
2026-07-23,Mulholland Drive,2001,https://boxd.it/fnoPQn,4,,"I was really close with what I thought was happening and what people generally agree was happening so I'm going to count that as a win.

Edit: watched this with my mom she said ""not a huge fan"" but like not in a super demeaning way.

<a href=""https://boxd.it/QHHmE"">Favorites</a>",,2026-07-22
2026-07-23,Lost Highway,1997,https://boxd.it/fnMJQz,4,,"I love a lot about this movie: editing, lighting, chronology (or lack thereof). I just can't get around the core themes of the movie that much. Killer soundtrack tho -- we need <i>The Smashing Pumpkins </i>in everything.

<a href=""https://boxd.it/U6MAS"">Doubles</a>",,2026-07-23
2026-07-24,Inland Empire,2006,https://boxd.it/foRmij,5,,"This is like if someone went into my head and took the first 13 thoughts and extrapolated them into a movie then shuffled it on a mobius strip.

<a href=""https://boxd.it/UFh3I"">Time Travel I think</a>

<a href=""https://boxd.it/PZYXk"">Perfect I think</a>",,2026-07-24
2026-07-25,Rabbits,2002,https://boxd.it/fqu9V5,,,Funniest short ever.,,2026-07-25
2026-07-26,Masters of the Universe,1987,https://boxd.it/fqzZUj,1,,💀,,2026-07-25
2026-07-27,Blue Velvet,1986,https://boxd.it/frT3Rv,1.5,,"This is like if you had a Hitchcock film, got rid of the twist, and it was also disgusting.

<a href=""https://boxd.it/W0i8q"">Lynch</a>",,2026-07-26
2026-07-27,The Player,1992,https://boxd.it/fs5Pb7,3.5,,"I mean it's good, but not great.",,2026-07-26
2026-07-27,Masters of the Universe,2026,https://boxd.it/fspvyZ,3,,"Waaaaaaaay better than the 80s one. It's kinda funny and lame, just how He-man should be.",,2026-07-26
2026-07-27,PlayTime,1967,https://boxd.it/fsy7Pv,3,,"-1/2 for french
Choreography was exceptional. Just another movie about how the french are inefficient.",,2026-07-27
2026-07-28,The Double,2013,https://boxd.it/ftgStJ,4.5,Yes,This movie is clearly inspired by Kieslowski's work. Such as The <i>Double Life of Veronique </i>&<i> A Short Film About Love. </i>With the colors and the camera working the way they do. Such a good looking pleasureable movie.,,2026-07-27
2026-07-28,Primer,2004,https://boxd.it/ftqqI7,4,Yes,I feel like this movie will be better every time I watch it. Just so simple and yet pushes it to its absolute limit.,,2026-07-27
2026-07-28,Anyone But You,2023,https://boxd.it/ftIv9H,,,"This is kenans brother. This movie should really be called Everyone Including Me, because the lack of communications shows very large quantities of self centeredness. However, there are some extremely funny scenes.",,2026-07-27
2026-07-28,Citizen Kane,1941,https://boxd.it/ftR2MX,4,,"Obviously Orsen Welles is incredible, and the blocking was very good. Dialogue well written. Structure interesting and keeps it fresh. Great portrayal of nature vs nurture. Loved the ending and how it strings us along as the viewer. I might raise my score later or on rewatch, but some of the movie just looked plain to me; might just be me though.",,2026-07-28
2026-07-30,Spider-Man: Brand New Day,2026,https://boxd.it/fvGB1t,4,,The Apple™ hivemind is gonna have a field day with this.,,2026-07-29
2026-07-30,Annihilation,2018,https://boxd.it/fvQjvv,3.5,,"Then Alex Garland decided to make the worst movie ever -- ""men""",,2026-07-29
2026-07-31,Face to Face,1976,https://boxd.it/fy5cW3,3,,"The dream sequences are great, but the rest just feels vapid.

<a href=""https://boxd.it/UDZrK"">Ingmar Bergman</a>",,2026-07-31
2026-08-01,There Will Be Blood,2007,https://boxd.it/fyhUGx,4.5,,"<blockquote>I drink from your milkshake!</blockquote>Extremely quotable, great representation of the venom that gets stored from repressing your true self.",,2026-07-31
2026-08-01,Dreams,1955,https://boxd.it/fzsy0P,3,,"Kinda lame compared to what I've seen from Bergman. Great scene when the wife came in tho.

<a href=""https://boxd.it/UDZrK"">Ingmar Bergman </a>",,2026-08-01
2026-08-02,Remarkably Bright Creatures,2026,https://boxd.it/fzZpjp,2.5,,Not for me. I can understand that it is well made though.,,2026-08-01
2026-08-03,Oldboy,2003,https://boxd.it/fBdFWJ,4.5,,At least I could skip through them and not lose anything. Stockholm reference goes hard,,2026-08-02
2026-08-03,Badlands,1973,https://boxd.it/fBJGnp,5,,"<blockquote>Everybody likes trout</blockquote>Bro, maybe one of the best movies. I thought it'd just be aight, but man -- this hits hard at midnight.

<a href=""https://boxd.it/PZYXk"">Perfect</a>",,2026-08-03
2026-08-04,Upstream Color,2013,https://boxd.it/fCrGGz,4,,"This would be an easy 10/10 if the sound design was better and less droning and the editing less gratuitous and narcissistic. 

A beautiful love story about fate and control. About what people expect from a relationship and what is actually provided. Very reminiscent of Lynchian and Tarkovskian where it is nearly impossible to descifer everything. The story unfolds itself at random intervals throughout the movie and the movie lies about the order of events. The editing creates matchcuts that express things in a seemingly random order. Though the movie seems to be mostly chronological. There is nearly no dialogue and the dialogue provided is repetitive, but it adds to the vibe I guess. If you want to see a filmaker think there the sauce (and be right) I highly recommend this.


You can find an HD version on YouTube 🤫",,2026-08-03
2026-08-04,Unforgiven,1992,https://boxd.it/fCPufT,4,,This kind of reminds me of <i>Sympathy for Mr. Vengeance </i>idk why.,,2026-08-03
2026-08-04,The Banshees of Inisherin,2022,https://boxd.it/fD2nMH,3.5,,Someone tells me there going to cut there fingers off one by one every time I bother them I literally will become the greatest nuisance of all time to them. I will make sure they have no fingers by the end of the week. And they will still be the one entirely in the wrong.,,2026-08-04
2026-08-05,"tick, tick... BOOM!",2021,https://boxd.it/fDNdZv,3.5,,"I really liked the structure, some of the songs were mid tho, but I know my opinions invalid there",,2026-08-04
2026-08-05,Transformers,2007,https://boxd.it/fEazkF,2,,The stupid action scene is like 20 grueling minutes.,,2026-08-04
2026-08-07,Days of Heaven,1978,https://boxd.it/fG5K1R,3.5,,"Beautiful! I feel like putting it from the child's perspective was smart, but then I don't really understand her as a character, or how this movie is paced. I think desperation is the central topic, but the child seems completely removed from that. Maybe one of the best looking movies though.",,2026-08-06
2026-08-07,Dunkirk,2017,https://boxd.it/fGfZFx,3.5,,"It's cold and clinical + I don't really like war movies + I learned my phone bill was 185$ during the movie. Actually pretty solid.

<a href=""https://boxd.it/QfG7W"">Nolan</a>",,2026-08-06
2026-08-07,Transformers: Revenge of the Fallen,2009,https://boxd.it/fGALqF,1.5,,Worst than the first in every aspect.,,2026-08-06
2026-08-08,The Rock,1996,https://boxd.it/fHGykb,3,,007 after 30 years in custody,,2026-08-07
2026-08-09,Napoleon Dynamite,2004,https://boxd.it/fINv5Z,5,,I have seen this movie dozens of times and this is the first time I have seen the end credits seen. I am so disappointed in myself and my parents for not showing it to me the first time we watched it. This was the last movie I watched before my flight tomorrow. Great summer.,,2026-08-08
2026-08-10,Under the Silver Lake,2018,https://boxd.it/fJMdKR,2.5,,"The guy making this was def watching porn like a good goy, and noticed that the Jews were communicating to each other through the videos. Interesting take on masculinity bc this is kinda accurate. Like I know people who'd do this movie.",,2026-08-09
2026-08-10,GoodFellas,1990,https://boxd.it/fJPlWx,4,,"I really, really, really want to be the pretentious guy who doesn't like this like how I am for some of scorsese's stuff, but Karen's narration carries so hard.

<a href=""https://boxd.it/W7mvs"">Scorsese </a>",,2026-08-09
2026-08-10,The Fountain,2006,https://boxd.it/fK2eEH,2,,So incredibly yellow and lame. Actual slop at times. At least it's short.,,2026-08-09
2026-08-10,The Endless,2017,https://boxd.it/fKeGpT,4,,"I just love confusing indie films when they're good.

<a href=""https://boxd.it/UFh3I"">Time Travel</a>",,2026-08-09
2026-08-11,Triangle,2009,https://boxd.it/fL1DOf,5,,"From the editing to the lighting to the sound design this film is perfect. This is actually relatively easy to follow even though the idea is very complicated. 

From the plot to the lighting to the sound design this film is flawless. This is surprisingly relatively easy to follow though the idea is very complex.

From the writing to the performances to the set design this film is perfect. This is pretty simple to follow though the idea is conveluted.

From the cinematography to the mise-en-scéne to the editing this film is flawless. It is actually prsctical to keep  though the plot is intricate.",,2026-08-10
2026-08-11,The Red Shoes,1948,https://boxd.it/fLL06v,3.5,,Man the editing during to red shoes seen was peak.,,2026-08-10
2026-08-12,Black Bear,2020,https://boxd.it/fM8uqh,1.5,,Tackles some of the same problem that <i>always shine</i> does and yet somehow does it more intrusively while making less since for the watcher as the two parts of this movie are only tertiarily connected.,,2026-08-11
2026-08-12,The Killing of a Chinese Bookie,1976,https://boxd.it/fMG0VR,2,,Bad <i>uncut gems</i>.,,2026-08-11
2026-08-13,How to Make a Killing,2026,https://boxd.it/fNbBox,3.5,,"Sterile, but I had a fun time.",,2026-08-12
2026-08-13,First Reformed,2017,https://boxd.it/fNq7ZX,4.5,,"It may be one of the best shot movies ever. It's kinda heretical but that's the point.

Just read revelation to know that things must get worst before they get better. We should still try to protect whatever we can on the planet, but it literally is a lost cause.",,2026-08-12
2026-08-15,The End of Oak Street,2026,https://boxd.it/fQ0YQJ,3.5,,"Pretty incredible, great setup and payoff. The ending felt a bit off. I might be in trouble because ei liked this more than <i>Jurassic Park</i>, but I have <i>Jurassic Park</i> rated higher🫠.",,2026-08-14
2026-08-16,Stoker,2013,https://boxd.it/fRaAmT,5,Yes,"All of the pieces fit together so perfectly in this; actually a Masterpiece.

<a href=""https://boxd.it/PZYXk"">Perfect</a>",dvd,2026-08-15
2026-08-18,Spider-Man 3,2007,https://boxd.it/fTBSjb,5,Yes,Literally the most overhated movie ever. It's got all of the charm of <i>Twilight</i> with all of the greatness of spiderman. Plus I find the symbiote plotline in general to be one of the most compelling plot devices ever.,dvd,2026-08-17
2026-08-18,Paprika,2006,https://boxd.it/fTIT6h,3.5,,"The first ""act"", if you can even call with that with this movie, is pretty perfect. Then it starts to stray from the rules it has already designed. This has alot of the things I want in a movie but feels rushed. Like the whole thing felt like it was speed running through ""plot points"" -- if you can call them that with this movie. Rating may go up.

<a href=""https://boxd.it/U6MAS"">doubles</a>",,2026-08-18
2026-08-19,Millennium Actress,2001,https://boxd.it/fU8Fa7,2.5,,I was just so disinterested this entire movie with a short runtime that feels like forever.,,2026-08-18
2026-08-20,The Social Network,2010,https://boxd.it/fVxGHl,4.5,Yes,"Those are the least tasteful business cards ever. Like color wise and fontwise. Could've used bone.

Edit: the all lowercase is fire though",dvd,2026-08-19
2026-08-21,Alien: Romulus,2024,https://boxd.it/fWDqLH,4.5,,"Oh my goodness! Insanely well directed, with extremely plausible characters. A little disgusting and a little much at times, but man.",,2026-08-20
2026-08-21,Whiplash,2014,https://boxd.it/fWH08H,4.5,Yes,My roommate said alien Romulus was 85% of whiplash. Then we proceeded to watch whiplash. New ratings system for him is how it scales to whiplash.,,2026-08-21
2026-08-22,The Drama,2026,https://boxd.it/fX9Bhx,3.5,,Rating is prone to go up. Honestly the biggest red flag was that Rachel was her best friend. Most annoying character EVER.,,2026-08-21
2026-08-23,Perfect Blue,1997,https://boxd.it/fYhmDN,4.5,,"Fast forward strikes again. 
<i>Black Swan/Fight Club/Mulholland Drive</i> but anime.

edit: upon sitting on this, it's better than all of those.

<a href=""https://boxd.it/U6MAS"">doubles</a>",,2026-08-22
2026-08-23,Doctor Strange,2016,https://boxd.it/fYqjhn,3,,"I mean it's extremely mid, but the cgi was great like 60% of the time.",,2026-08-22
2026-08-24,The Matrix,1999,https://boxd.it/fZTlJv,5,Yes,My favorite part was when Morphius said it's morphin time and morphs all over the agents.,,2026-08-23
2026-08-25,Looper,2012,https://boxd.it/g0GIDj,3.5,,"Horrible child acting strikes again. Would be a great franchise. Rian Johnson should have just kept up the looper universe.

<a href=""https://boxd.it/UFh3I"">Time Travel</a>",blu-ray,2026-08-24
2026-08-27,The Art of Self-Defense,2019,https://boxd.it/g2AU47,0.5,,"I gave up halfway through. It wasn't the worst thing id seen but it was up there. Then I was convinced to go back and try again and within 10 seconds I saw 3 dudes strip naked.🤮, so I gave up again.",,2026-08-26
2026-08-27,Doppelganger,1993,https://boxd.it/g2F4Ch,1.5,,"Oh my goodness this is awful. First hour and 30 is soooo boring then the last 20 minutes is so bizarre and disgusting.

<a href=""https://boxd.it/U6MAS"">Doubles</a>",,2026-08-26
2026-08-27,Angel's Egg,1985,https://boxd.it/g2JavJ,4,,"Nihilism the movie. This feels Like Tarkovsky's <i>The Sacrifice</i>, which is one of my favorites of his, both are about hope (actually its irrelevance) in the midst of misery, but when <i>The Sacrifice</i> decides to have mercy on its world and the humans go mad, this one decides to have mercy on the humans and lets the world go mad. Invincible level animation.",,2026-08-26
2026-08-28,Persona,1966,https://boxd.it/g3Q1In,5,Yes,"I showed this to my roommate today. first time watching it not on a phone and oh my goodness have I been missing out. Is it possible for a movie to be more perfect. I can count on one hand the movies that can even hold candle to this. No cut is unnecessary and no scene is overdone. A masterpiece of the art of cinema and the creator of the greatest genre of movie ever (fight club for girls).

<a href=""https://boxd.it/VQOj6"">Persona likes</a>",,2026-08-27
2026-08-29,Nightcrawler,2014,https://boxd.it/g4RUHl,3.5,Yes,"Look, I LOVE this film. If nina was more interesting as a character it would probably be a 8+/10, but as it stands nina is just shallow (I think that's the right word).

 My roommate will sometimes start talking like lou so I had to show this to him. He liked it.",,2026-08-29
2026-08-30,Red Rooms,2023,https://boxd.it/g5w4Wv,4,,"You know if you think about it this is just demented <i>Vertigo.</i>

Edit: also the insane focus pull in this movie just refilled my vitriol for the Odyssey's blurriness.",,2026-08-29
2026-08-30,A Quiet Place in the Country,1968,https://boxd.it/g5S6rN,2,,"I didn't enjoy any part of this movie, until the murder scene, that was good. It's just a movie about a guy and his past life as a girl being nymphomaniacs.",,2026-08-29
2026-08-31,Better Off Dead...,1985,https://boxd.it/g6JxiT,2,,Oh my goodness...,,2026-08-30
2026-08-31,Midnight in Paris,2011,https://boxd.it/g72IhP,2.5,,Am I crazy for disliking this movie for reasons completely unassociated with the director or how pretentious it is.,,2026-08-30
2026-09-01,May December,2023,https://boxd.it/g7QJUX,3,,"I can name about 0 people I would recommend this to. Dialogue structure is great and the performances where amazing. 

Spoilers:
Was Gracie just manipulating her the entire time to make her seem more of a victim?",,2026-08-31
2026-09-03,Fallen Angels,1995,https://boxd.it/g9AddX,3.5,,"I loved the assassin story line and I love where pineapple guys ended, but his start was a bit of a hurdle for me. Maybe I'll raise my rating later, but right now I'm just thinking about the editing in the first 20 seconds 👌.

Edit: ignore this low review, I realized",,2026-09-02
2026-09-03,The Night of the Hunter,1955,https://boxd.it/g9IVml,3.5,,"Awful child acting strikes again (it's not THAT bad). Great story, I can't tell you why <i>psycho</i> clicks for me more than this one, but this has some great preformances.",,2026-09-02
2026-09-04,Morbius,2022,https://boxd.it/gaG9BH,2.5,,"Mor, mor, mor, moblingus, morb, morb, morb, morb, morb, morb, morb, morbmorb, morb, morb, morbmorb, morb, morb, morbmorb, morb, morb, morbmorb, morb, morb, morbmorb, morb, morb, morbmorb, morb, morb, morbmorb, morb, morb, morbmorb, morb, morb, morbmorb, morb, morb, morbmorb, morb, morb, morbmorb, morb, morb, morbmorb, morb, morb, morbmorb, morb, morb, morbmorb, morb, morb, morbmorb, morb, morb, morb morb morb morb morb morb morb morb morb morb morb morb morb morb morb morb morb morb morb na I am not 🚭 to you want to go through the machine to get this job in cyber and you are now the same as the two of the movie is pretty much exactly the best ever seen hyperbole of the best 37morb, morb, morb, morbmorb, morb, morb, morbmorb, morb, morb, morbmorb, morb, morb, morbmorb, morb, morb, morbmorb, morb, morb, morbmorb, morb, morb, morbmorb, morb, morb, morbmorb, morb, morb, morbmorb, morb, morb, morbmorb, morb, morb, morbmorb, morb, morb, morbmorb, morb, morb, morbmorb, morb, morb, morbmorb, morb, morb, morbmorb, morb, morb, morbmorb, morb, morb, morbmorb, morb, morb, morbmorb, morb, morb, morbmorb, morb, morb, morbmorb, morb, morb, morbmorb, morb, morb, morbmorb, morb, morb, morbmorb, morb, morb, morb
I am venom",,2026-09-03
2026-09-06,Resurrection,2025,https://boxd.it/gc96vX,4,,"It's hard to describe how I fell about this movie because on one hand I liked virtually everything about it, but on the other the various sequences varied greatly in quality (ranking below). I actually liked every sequence, but some of them were SPECTACULAR for me and the others were just good. Is it better to dream; does dreaming bring back the people in our lives that we lost. Should we just move on and not hope desperately for a reprise of our lives. This movie doesn't only question what is reality, but also what is more important; feeling or living. Are you really living if you have lost your ability to dream or are you just a vampire stalking the night looking only for what is Carnel and self-evident. I am going to average my thoughts on each of the sections and that will be my score for the movie, because taking this movie as a whole is nearly impossible to achieve except superficially (much like PTA's or Robert Altman's work). Overall, I would say it is really good.

parts ranked by correlated since:
1. touch 10/10
2. sight 10/10
3. hearing 8/10
4. mind 8/10
5. taste 7/10
6. smell 7/10
OVERALL: 8.333",profile,2026-09-05
2026-09-08,Happy Death Day,2017,https://boxd.it/gew4g1,3.5,,"very fun and has some great moments throughout. I would say some of it is extremely cringe, but I've just kinda ignored that. 
",,2026-09-07
2026-09-10,The Master,2012,https://boxd.it/ggpMHT,3.5,,"Maybe I'll like it more on rewatch. I kinda didn't understand how it ended which is just PTA syndrome at this point. Hot take Amy Adams was the best here. Obviously Joaquin and Hoffman were great.

If they came out with a Bible 2 and it wasn't consistent I'd be a lot more concerned than Laura Dern.",,2026-09-09
2026-09-11,The Long Goodbye,1973,https://boxd.it/gh9MUF,3.5,,This is like if killing of a Chinese bookie was good.,,2026-09-10
2026-09-11,Night Fishing,2011,https://boxd.it/ghcViV,,,Nah,,2026-09-10
2026-09-12,Whiplash,2014,https://boxd.it/gi2RNf,4.5,Yes,"""cool.""",,2026-09-11
2026-09-17,Harley Quinn: A Very Problematic Valentine's Day Special,2023,https://boxd.it/gm46Y1,,,This show is actively the worst episode of an already awful show. I only watch the show because I find it hilariously bad. Literally awful. 🤮,,2026-09-16
2026-09-17,American Psycho,2000,https://boxd.it/gmmFP5,3.5,Yes,It's such a front heavy movie. The last third is just so lackluster. Amazing performance though.,,2026-09-16
2026-09-17,Glass Onion,2022,https://boxd.it/gmsjeN,4,Yes,This is an absorlutely incredulous movie and I hope that any murder mystery movie will have as magnificant a story as this.,,2026-09-16
2026-09-18,The Man Who Haunted Himself,1970,https://boxd.it/gmSKhL,3,,"It is solid, nothing special, but this one is very patient compared to similar movies I've seen like this.

<a href=""https://boxd.it/U6MAS"">Doubles</a>",,2026-09-17
2026-09-18,Dear Evan Hansen,2021,https://boxd.it/gnbBL1,1,,"I wanted him dead the entire movie. 
- woops",,2026-09-17
2026-09-21,Solaris,1972,https://boxd.it/gqcIwL,5,Yes,"Bro dressed in bdsm
Literally no sex in this",,2026-09-20
2026-09-22,The Substance,2024,https://boxd.it/gqZ66j,1.5,,"either it's unwatchable because of the sheer amount of nudity or it's unwatchable because of the body horror. Dennis Quaid is amazing, however.
",,2026-09-21
2026-09-24,Changeling,2008,https://boxd.it/gsKKrJ,3.5,,The fact that it's based on a true story makes its lack of things you would normally find in movies.,blu-ray,2026-09-23
2026-09-25,Chungking Express,1994,https://boxd.it/gti7fn,3.5,,the scene where he drinks his coffee impossibly slow as the world goes by is beautiful and I wish the whole movie was like that.,,2026-09-24
2026-09-25,Toy Story 5,2026,https://boxd.it/gtwIQj,1.5,,"This is soooooooooooo bad. reference slop. corniest piece of dung in ages. I am astounded that real people like this.
 

ok its not thaat bad.
",,2026-09-24
