Parasite,2016.2611894613085
X-Men: Days of Future Past,2005.6721609716296
The Pirates Who Don't Do Anything: A VeggieTales Movie,2004.9663726213014
Inception,2004.9647596236593
Inland Empire,2004.3059725864305
Triangle,2003.5737123307802
Shutter Island,2002.9768374824514
Top Gun: Maverick,2002.9307721590678
The Lego Movie,2002.909090909091
American History X,2002.909090909091
The Usual Suspects,2001.4194245742176
The Lord of the Rings: The Fellowship of the Ring,2000.7145568154428
Scream,2000.67487926775
The Shawshank Redemption,2000.3168316831684
Gladiator,2000.1478446087904
Spider-Man: Across the Spider-Verse,2000.031968031968
Se7en,2000.0
Star Wars: Episode II – Attack of the Clones,2000.0
Mission: Impossible,2000.0
The Princess Bride,2000.0
Rocky,2000.0
Tombstone,2000.0
Spider-Man 3,2000.0
Tenet,2000.0
The Batman,2000.0
Spider-Man: Into the Spider-Verse,2000.0
Dune: Part Two,2000.0
Alien,2000.0
The Matrix,2000.0
The Empire Strikes Back,2000.0
The Lord of the Rings: The Two Towers,2000.0
The Lord of the Rings: The Return of the King,2000.0
Napoleon Dynamite,2000.0
12 Angry Men,2000.0
Eternal Sunshine of the Spotless Mind,2000.0
Free Birds,2000.0
Three Colours: Red,2000.0
Solaris,2000.0
Persona,2000.0
Stoker,2000.0
Badlands,2000.0
Rogue One: A Star Wars Story,1989.4109715103211
Catch Me If You Can,1885.4417921191862
Cars,1883.531694997284
The Social Network,1877.7613012593295
Jerry Maguire,1875.2315327163694
Star Wars: Episode III – Revenge of the Sith,1873.6429048634236
10 Things I Hate About You,1872.3388276382962
The Grand Budapest Hotel,1872.3388276382962
Zodiac,1870.1837529720194
Marty Supreme,1869.5757575757575
Barry Lyndon,1869.5757575757575
The Truman Show,1869.5757575757575
Perfect Blue,1869.5757575757575
The Discreet Charm of the Bourgeoisie,1869.494473510326
Batman,1869.4905519818915
Get Out,1868.0860912408841
Gone Girl,1868.0860912408841
Annie Hall,1868.0860912408841
Predestination,1868.0860912408841
The Prestige,1868.0860912408841
Alien: Romulus,1868.0860912408841
Three Colours: Blue,1867.3415459344164
Hokum,1867.3415459344164
Star Wars,1867.3415459344164
3 Women,1867.3415459344164
Fantastic Mr. Fox,1867.013734169933
Remember the Titans,1866.983498349835
The Magician,1866.983498349835
Good Will Hunting,1866.9734179276647
Oldboy,1866.8145112754569
The Assassination of Jesse James by the Coward Robert Ford,1866.735460365217
The Silence of the Lambs,1866.6666666666665
The Lego Batman Movie,1866.6666666666665
Over the Garden Wall,1866.6666666666665
Monty Python and the Holy Grail,1866.6666666666665
The Amazing Spider-Man,1866.6666666666665
Spider-Man,1866.6666666666665
How to Train Your Dragon,1866.6666666666665
Oppenheimer,1866.6666666666665
Hacksaw Ridge,1866.6666666666665
Prisoners,1866.6666666666665
V for Vendetta,1866.6666666666665
Whiplash,1866.6666666666665
Psycho,1866.6666666666665
No Country for Old Men,1866.6666666666665
"Paris, Texas",1866.6666666666665
Silverado,1866.6666666666665
The Godfather,1866.6666666666665
The Double,1866.6666666666665
Moneyball,1866.6666666666665
The Departed,1866.6666666666665
Birdman or (The Unexpected Virtue of Ignorance),1866.6666666666665
Return of the Jedi,1866.6666666666665
The Count of Monte Cristo,1866.6666666666665
Blind Chance,1866.6666666666665
The Dark Knight,1866.6666666666665
mother!,1866.6666666666665
There Will Be Blood,1866.6666666666665
Dead Poets Society,1866.6666666666665
First Reformed,1866.6666666666665
The Godfather Part II,1850.8006321232378
The Odyssey,1754.5883658488099
Glass Onion,1749.072143872025
Witness for the Prosecution,1748.8825387760835
Ocean's Eleven,1748.8116676896207
Wicked,1746.0798512039278
Coraline,1744.1151417813867
Rear Window,1743.4777817510233
Wake Up Dead Man,1743.4777817510233
Forrest Gump,1743.4777817510233
Project Hail Mary,1743.4777817510233
Nope,1743.4777817510233
The Blair Witch Project,1743.4777817510233
Braveheart,1743.4777817510233
Dumb and Dumber,1743.4777817510233
Upstream Color,1743.4777817510233
Angel's Egg,1743.4777817510233
Dune,1743.3621134566397
The Phoenician Scheme,1739.6243310864559
Resurrection,1739.360458683398
The Bourne Supremacy,1739.2635569318109
Unforgiven,1739.151452419208
Spider-Man: Brand New Day,1739.0054943049631
Knives Out,1738.6589053504465
Jurassic Park,1736.5817996145465
Mission: Impossible – Ghost Protocol,1736.2424242424245
Harry Potter and the Deathly Hallows: Part 2,1736.2424242424245
Captain America: The First Avenger,1736.2424242424245
The Killing of a Sacred Deer,1736.2208874534042
Citizen Kane,1736.1991100676296
The Island,1734.899448529704
The Shining,1734.752757907551
Batman: Mask of the Phantasm,1734.752757907551
The Virgin Spring,1734.752757907551
Mission: Impossible – Fallout,1734.673936485848
Captain America: Civil War,1734.0082126010834
Vertigo,1734.0082126010834
A Short Film About Killing,1734.0082126010834
Cloverfield,1733.9972376474366
The Emperor's New Groove,1733.9947575637264
It's a Wonderful Life,1733.650165016502
The Third Man,1733.650165016502
Hereditary,1733.3333333333335
Inglourious Basterds,1733.3333333333335
Dr. Strangelove or: How I Learned to Stop Worrying and Love the Bomb,1733.3333333333335
A Knight's Tale,1733.3333333333335
Scott Pilgrim Takes Off,1733.3333333333335
This Is Spinal Tap,1733.3333333333335
How to Train Your Dragon 2,1733.3333333333335
Sherlock Holmes: A Game of Shadows,1733.3333333333335
The Bourne Identity,1733.3333333333335
Edge of Tomorrow,1733.3333333333335
Jojo Rabbit,1733.3333333333335
Willy Wonka & the Chocolate Factory,1733.3333333333335
Sonic the Hedgehog 3,1733.3333333333335
Despicable Me,1733.3333333333335
Tangled,1733.3333333333335
Life Is Beautiful,1733.3333333333335
The Passion of the Christ,1733.3333333333335
Jesus Revolution,1733.3333333333335
Memento,1733.3333333333335
Spider-Man 2,1733.3333333333335
The Incredibles,1733.3333333333335
Uncut Gems,1733.3333333333335
Eddington,1733.3333333333335
Punch-Drunk Love,1733.3333333333335
Hitch,1733.3333333333335
Courageous,1733.3333333333335
Gone in Sixty Seconds,1733.3333333333335
Casablanca,1733.3333333333335
Beautiful Boy,1733.3333333333335
Sinners,1733.3333333333335
Star Wars: Clone Wars,1733.3333333333335
The Lord of the Rings: The War of the Rohirrim,1733.3333333333335
Mission: Impossible – Dead Reckoning,1733.3333333333335
Three Colours: White,1733.3333333333335
Lonesome Dove,1733.3333333333335
La Haine,1733.3333333333335
Raising Arizona,1733.3333333333335
The Double Life of Véronique,1733.3333333333335
The Sacrifice,1733.3333333333335
Autumn Sonata,1733.3333333333335
Primer,1733.3333333333335
Coherence,1733.3333333333335
Spotlight,1733.3333333333335
Spirited Away,1733.3333333333335
World on a Wire,1733.3333333333335
Prometheus,1733.3333333333335
Always Shine,1733.3333333333335
Minority Report,1733.3333333333335
Another Earth,1733.3333333333335
Black Swan,1733.3333333333335
Decision to Leave,1733.3333333333335
The Devil's Advocate,1733.3333333333335
Mulholland Drive,1733.3333333333335
GoodFellas,1733.3333333333335
The Endless,1733.3333333333335
Red Rooms,1733.3333333333335
Pirates of the Caribbean: The Curse of the Black Pearl,1733.3333333333335
Fallen Angels,1733.3333333333335
Alita: Battle Angel,1727.6611723617038
WALL·E,1723.1888849156435
The Seventh Seal,1717.6097285296582
Back to the Future,1717.3333333333335
The Lobster,1711.9223618230124
Groundhog Day,1631.1490315584438
Midsommar,1625.1315165480994
Backrooms,1616.0
Doctor Sleep,1616.0
Rudy,1615.399909044044
Stalker,1612.9027483988978
It Ends with Us,1610.1444484176898
Fight Club,1610.1444484176898
The Holiday,1610.1444484176898
Fantastic Beasts: The Crimes of Grindelwald,1610.1444484176898
The Hobbit: The Desolation of Smaug,1610.1444484176898
Kung Fu Panda 2,1610.1444484176898
American Underdog,1610.1444484176898
Nashville,1610.1444484176898
Dead Ringers,1610.1444484176898
The King of Comedy,1610.1444484176898
Days of Heaven,1610.1444484176898
THX 1138,1610.0287801233062
Singin' in the Rain,1606.4485641418073
Harry Potter and the Deathly Hallows: Part 1,1606.1148296272297
The Hunt for Red October,1605.9792899258127
How to Lose a Guy in 10 Days,1605.911933350813
The Wind Rises,1605.7995218087638
National Treasure,1605.7103928970773
The Chronicles of Narnia: The Voyage of the Dawn Treader,1605.6721609716296
17 Again,1605.6721609716296
The Lorax,1605.6721609716296
Sonic the Hedgehog,1605.6721609716296
In the Mood for Love,1605.6721609716296
A Nightmare on Elm Street,1605.6721609716296
Blade Runner,1605.6721609716296
Death on the Nile,1605.6721609716296
Robin Hood,1605.6721609716296
Magnolia,1605.5944332812385
How to Make a Killing,1603.6576646995377
Dunkirk,1602.9536824853108
The Last Samurai,1602.909090909091
The Boys from Brazil,1602.909090909091
From Russia with Love,1602.909090909091
Harry Potter and the Half-Blood Prince,1602.909090909091
The End of Oak Street,1602.909090909091
Nimona,1602.909090909091
Facing the Giants,1602.8651061257801
The Peanuts Movie,1601.4194245742176
Kung Fu Panda,1601.4194245742176
Rocky II,1601.4194245742176
The Fantastic 4: First Steps,1601.4194245742176
The Red Shoes,1601.4194245742176
Murder on the Orient Express,1601.3736839947537
Soylent Green,1600.67487926775
Meet the Robinsons,1600.67487926775
Murder Mystery,1600.4088512646745
The VelociPastor,1600.1539855518376
Scott Pilgrim vs. the World,1600.0
"Batman: The Dark Knight Returns, Part 1",1600.0
Now You See Me,1600.0
My Big Fat Greek Wedding,1600.0
Pokémon Detective Pikachu,1600.0
American Psycho,1600.0
Pirates of the Caribbean: At World's End,1600.0
Ghostbusters,1600.0
The Natural,1600.0
Top Gun,1600.0
Mission: Impossible – Rogue Nation,1600.0
Despicable Me 2,1600.0
Captain America: The Winter Soldier,1600.0
Night at the Museum,1600.0
Pirates of the Caribbean: Dead Men Tell No Tales,1600.0
The Hobbit: An Unexpected Journey,1600.0
Glory Road,1600.0
The Book of Life,1600.0
Trolls,1600.0
X-Men: First Class,1600.0
Puss in Boots: The Last Wish,1600.0
The Nightmare Before Christmas,1600.0
Rango,1600.0
The Amateur,1600.0
Superman,1600.0
Bullet Train,1600.0
The Lighthouse,1600.0
Rocky IV,1600.0
42,1600.0
Once Upon a Time... in Hollywood,1600.0
Little Women,1600.0
Thunderbolts*,1600.0
Mr. & Mrs. Smith,1600.0
Blade Runner 2049,1600.0
Guardians of the Galaxy Vol. 3,1600.0
Batman: Under the Red Hood,1600.0
Charade,1600.0
Gone with the Wind,1600.0
Wreck-It Ralph,1600.0
The Devil Wears Prada,1600.0
Bicycle Thieves,1600.0
Twisters,1600.0
Shrek,1600.0
The Witch,1600.0
Vivarium,1600.0
Paranormal Activity,1600.0
Anatomy of a Fall,1600.0
Shattered Glass,1600.0
The Dark Knight Rises,1600.0
Batman Begins,1600.0
Moon,1600.0
Mirror,1600.0
Wild Strawberries,1600.0
Fried Green Tomatoes,1600.0
Collateral,1600.0
Monsters University,1600.0
Turbo,1600.0
The Imitation Game,1600.0
Harry Potter and the Prisoner of Azkaban,1600.0
10 Cloverfield Lane,1600.0
Nightcrawler,1600.0
The Martian,1600.0
Ice Age: The Meltdown,1600.0
Andrei Rublev,1600.0
Paths of Glory,1600.0
Sympathy for Mr. Vengeance,1600.0
"Crazy, Stupid, Love.",1600.0
Miracle,1600.0
The Favourite,1600.0
Diggstown,1600.0
The Player,1600.0
Lost Highway,1600.0
The Banshees of Inisherin,1600.0
"tick, tick... BOOM!",1600.0
The Thomas Crown Affair,1600.0
Paprika,1600.0
The Drama,1600.0
Looper,1600.0
The Night of the Hunter,1600.0
The Mitchells vs. the Machines,1600.0
Shanghai Noon,1600.0
The Master,1600.0
The Long Goodbye,1600.0
About Time,1600.0
Is This Thing On?,1600.0
A Short Film About Love,1600.0
Changeling,1600.0
Chungking Express,1600.0
Toy Story 2,1600.0
Gifted,1599.8460144481624
Independence Day,1598.4886524151498
Click,1597.7668315016597
Ice Age: Dawn of the Dinosaurs,1597.1225542415814
Psych 2: Lassie Come Home,1597.1011669369698
Sherlock Holmes,1597.090909090909
The Village,1595.670549850442
Arrival,1594.9385385209919
Serenity,1594.3278390283704
Annihilation,1592.922812184679
Thor,1591.5340954683695
Raiders of the Lost Ark,1590.1911749138517
Shrek 2,1589.8555515823102
Inside Out 2,1589.8555515823102
Spider-Man: No Way Home,1589.8555515823102
Megamind,1589.8555515823102
Twilight,1589.8555515823102
La La Land,1589.8555515823102
Network,1589.8555515823102
The Butterfly Effect,1589.8555515823102
Big Hero 6,1589.8555515823102
Aliens,1589.8555515823102
Donnie Darko,1587.3062724952717
Pirates of the Caribbean: Dead Man's Chest,1585.5377309476596
Doppelgänger,1584.0
X-Men,1584.0
Clueless,1583.404464268065
Jack the Giant Slayer,1486.1641786464193
Ice Age,1483.133703067851
Dr. No,1483.133703067851
"Monsters, Inc.",1482.800632123238
Batman vs. Robin,1482.6666666666667
The Brutalist,1482.6666666666667
Signs,1482.6666666666667
Diabolique,1482.6666666666667
The Killer,1482.6666666666667
North by Northwest,1482.6666666666667
Knight and Day,1482.1996302654825
Brazil,1481.0789897443208
Rise of the Guardians,1477.219966349031
Beetlejuice,1476.8111150843565
Rio 2,1476.8111150843565
Penguins of Madagascar,1476.8111150843565
Zootopia,1476.8111150843565
Ivan's Childhood,1476.8111150843565
Aladdin,1476.8111150843565
Face to Face,1476.8111150843565
Muppets Most Wanted,1476.8111150843565
May December,1476.5862515516812
The Avengers,1476.4109067121985
Spies in Disguise,1473.5422897155
Night at the Museum: Secret of the Tomb,1472.3388276382964
Cloudy with a Chance of Meatballs 2,1472.3388276382964
Cloudy with a Chance of Meatballs,1472.3388276382964
Mulan,1472.3388276382964
Hour of the Wolf,1472.3388276382964
Bolt,1472.3388276382964
The Hobbit: The Battle of the Five Armies,1472.3388276382964
Wonka,1472.300796824616
Liar Liar,1472.1880534007312
Bee Movie,1471.9216991821431
Going in Style,1469.565499729697
The Legend of Frosty the Snowman,1468.0860912408843
Harry Potter and the Order of the Phoenix,1468.0860912408843
Moana,1468.0808308120068
Spy Kids,1466.6666666666667
Home,1466.6666666666667
The Lost Boys,1466.6666666666667
The Italian Job,1466.6666666666667
Hidden Figures,1466.6666666666667
Jumper,1466.6666666666667
X2,1466.6666666666667
A Christmas Carol,1466.6666666666667
Home Alone 2: Lost in New York,1466.6666666666667
Pirates of the Caribbean: On Stranger Tides,1466.6666666666667
Madagascar,1466.6666666666667
Flushed Away,1466.6666666666667
Rio,1466.6666666666667
How to Train Your Dragon: The Hidden World,1466.6666666666667
Onward,1466.6666666666667
The Lego Ninjago Movie,1466.6666666666667
Spider-Man: Homecoming,1466.6666666666667
Inside Out,1466.6666666666667
Batman v Superman: Dawn of Justice,1466.6666666666667
Regretting You,1466.6666666666667
Psych: The Movie,1466.6666666666667
Heads of State,1466.6666666666667
Rocky III,1466.6666666666667
Safety,1466.6666666666667
Cléo from 5 to 7,1466.6666666666667
Eyes Without a Face,1466.6666666666667
The Conjuring,1466.6666666666667
Phineas and Ferb The Movie: Across the 2nd Dimension,1466.6666666666667
Halloween,1466.6666666666667
Twelve Monkeys,1466.6666666666667
I Can Only Imagine,1466.6666666666667
A Clockwork Orange,1466.6666666666667
M,1466.6666666666667
Final Destination,1466.6666666666667
The Fast and the Furious,1466.6666666666667
The Hourglass Sanatorium,1466.6666666666667
The Super Mario Bros. Movie,1466.6666666666667
Mission: Impossible III,1466.6666666666667
Mission: Impossible – The Final Reckoning,1466.6666666666667
The Blind Side,1466.6666666666667
The Royal Tenenbaums,1466.6666666666667
Man of Steel,1466.6666666666667
Avengers: Age of Ultron,1466.6666666666667
The Hill,1466.6666666666667
Batman: Bad Blood,1466.6666666666667
Get Smart,1466.6666666666667
Harry Potter and the Goblet of Fire,1466.6666666666667
Lady Bird,1466.6666666666667
The Proposal,1466.6666666666667
Kung Fu Panda 3,1466.6666666666667
Looney Tunes: Back in Action,1466.6666666666667
The Rookie,1466.6666666666667
The Road to El Dorado,1466.6666666666667
Peter Pan,1466.6666666666667
The Boss Baby,1466.6666666666667
The Fly,1466.6666666666667
Avengers: Infinity War,1466.6666666666667
Ron's Gone Wrong,1466.6666666666667
Unbreakable,1466.6666666666667
"The Chronicles of Narnia: The Lion, the Witch and the Wardrobe",1466.6666666666667
Dora and the Lost City of Gold,1466.6666666666667
Star Wars: The Clone Wars,1466.6666666666667
All Dogs Go to Heaven,1466.6666666666667
The Greatest Showman,1466.6666666666667
Solo: A Star Wars Story,1466.6666666666667
The League of Extraordinary Gentlemen,1466.6666666666667
I Still Believe,1466.6666666666667
Masters of the Universe,1466.6666666666667
PlayTime,1466.6666666666667
KPop Demon Hunters,1466.6666666666667
Home Alone,1466.6666666666667
Rise,1466.6666666666667
Interstellar,1466.6666666666667
Star Wars: The Force Awakens,1466.6666666666667
Klaus,1466.6666666666667
Alien: Covenant,1466.6666666666667
Doctor Strange,1466.6666666666667
Sleeping Beauty,1466.6666666666667
Cinderella,1466.6666666666667
Old Yeller,1466.6666666666667
Happy Death Day,1466.6666666666667
The Angry Birds Movie,1466.6666666666667
The Man Who Haunted Himself,1466.6666666666667
Ready Player One,1465.2697849893273
Dreams,1465.2472420924491
Despicable Me 3,1463.7575757575758
Happy Gilmore,1463.7575757575758
"Gourmet Detective: Eat, Drink and Be Buried",1463.7575757575758
Star Wars: Episode I – The Phantom Menace,1463.7575757575758
Harry Potter and the Chamber of Secrets,1463.7575757575758
Gourmet Detective,1462.3913688556747
The Outsiders,1461.2619096416065
Toy Story 3,1460.3440786831723
Aladdin,1460.3440786831723
Wicked: For Good,1459.6311236070767
Cars 2,1458.2557861688015
Ice Age: Collision Course,1458.1706203798121
Batman: Year One,1457.3731866905332
Scream 2,1456.522218248977
Iron Man,1456.522218248977
Elf,1456.522218248977
Guardians of the Galaxy,1456.522218248977
Interview with the Vampire,1456.522218248977
Paddington 2,1456.522218248977
Jonah: A VeggieTales Movie,1456.522218248977
Frozen,1456.522218248977
The Christmas Chronicles,1456.522218248977
Up,1456.1133669843025
The Bad Guys,1455.2796873725554
Night at the Museum: Battle of the Smithsonian,1453.7287956342695
The Rock,1453.7287956342695
Zootopia 2,1452.2164026911753
A Goofy Movie,1452.1281442783404
The Amazing Spider-Man 2,1450.6666666666667
The Muppets,1450.6666666666667
Isle of Dogs,1450.6666666666667
Oblivion,1448.1162201020734
Treasure Planet,1448.110175997806
Burn After Reading,1447.3907017008776
Storks,1444.8111150843565
Zombieland,1444.8111150843565
Harry Potter and the Philosopher's Stone,1436.0860912408843
Jack Reacher: Never Go Back,1429.4597280328435
One Battle After Another,1355.1888849156435
Spider-Man: Far From Home,1355.1888849156435
A Quiet Place,1351.2918056859435
Midnight in Paris,1349.3333333333333
Drive,1348.6895333653242
Thor: Ragnarok,1343.477781751023
Moonrise Kingdom,1343.477781751023
Snow White and the Seven Dwarfs,1343.477781751023
Elemental,1343.2529182183478
The Monkey King,1343.2185037061035
Fantastic Four,1342.7632249355802
Johnny English,1340.4566490616367
Shazam!,1339.005494304963
The Bling Ring,1339.005494304963
Under the Silver Lake,1339.005494304963
Hercules,1336.2424242424242
Smurfs: The Lost Village,1336.2424242424242
Modern Times,1336.2424242424242
Sherlock Gnomes,1336.2031202479127
Odd Squad: The Movie,1334.7527579075509
Madagascar: Escape 2 Africa,1334.7302150106727
Spy Kids 2: The Island of Lost Dreams,1333.3333333333333
The Little Mermaid,1333.3333333333333
The Fox and the Hound,1333.3333333333333
50 First Dates,1333.3333333333333
Finding Nemo,1333.3333333333333
Alvin and the Chipmunks: The Squeakquel,1333.3333333333333
Chicken Little,1333.3333333333333
The Goonies,1333.3333333333333
Happy Feet,1333.3333333333333
The Brave Little Toaster Goes to Mars,1333.3333333333333
Monsters vs Aliens,1333.3333333333333
Hotel Transylvania,1333.3333333333333
The Lego Movie 2: The Second Part,1333.3333333333333
Ferdinand,1333.3333333333333
The Croods,1333.3333333333333
Ratatouille,1333.3333333333333
2001: A Space Odyssey,1333.3333333333333
Avatar,1333.3333333333333
Incredibles 2,1333.3333333333333
Corpse Bride,1333.3333333333333
The Lion King,1333.3333333333333
The BFG,1333.3333333333333
Now You See Me 2,1333.3333333333333
Son of Batman,1333.3333333333333
God's Not Dead 2,1333.3333333333333
Gourmet Detective: A Healthy Place to Die,1333.3333333333333
Garage Sale Mystery: Murder By Text,1333.3333333333333
The Parent Trap,1333.3333333333333
Fantastic Planet,1333.3333333333333
Ponyo,1333.3333333333333
Godzilla,1333.3333333333333
Rushmore,1333.3333333333333
Fantastic Beasts and Where to Find Them,1333.3333333333333
The Nut Job,1333.3333333333333
Hook,1333.3333333333333
The Book Thief,1333.3333333333333
High School Musical,1333.3333333333333
Ice Age: Continental Drift,1333.3333333333333
Robots,1333.3333333333333
LEGO Batman: The Movie - DC Super Heroes Unite,1333.3333333333333
Scooby-Doo! Camp Scare,1333.3333333333333
Finding Dory,1333.3333333333333
Curious George,1333.3333333333333
TheM,1333.3333333333333
Evan Almighty,1333.3333333333333
Unplanned,1333.3333333333333
Ballerina,1333.3333333333333
The Wild Robot,1333.3333333333333
Peter Rabbit,1333.3333333333333
Bridge to Terabithia,1333.3333333333333
Remarkably Bright Creatures,1333.3333333333333
The Secret Life of Walter Mitty,1333.3333333333333
Slumberland,1333.3333333333333
Lady and the Tramp,1333.3333333333333
The Princess and the Frog,1333.3333333333333
The Unbearable Weight of Massive Talent,1332.9244820686588
Bugonia,1332.663831044668
Khumba,1332.6584540655833
Vajont,1332.4298122675336
Phineas and Ferb the Movie: Candace Against the Universe,1332.2336654338503
Brother Bear,1331.9249510638913
The Polar Express,1331.9139087591157
Around the World in 80 Days,1331.9139087591157
High School Musical 2,1331.9139087591157
Epic,1331.9139087591157
Raya and the Last Dragon,1331.9139087591157
The Dictator,1330.4242424242423
The Angry Birds Movie 2,1330.4242424242423
The Karate Kid,1330.4242424242423
The Conjuring 2,1329.1387200351207
Toy Story,1329.0423650104735
Batman: Gotham Knight,1329.026354639045
Alvin and the Chipmunks,1327.6611723617036
The Super Mario Galaxy Movie,1327.6611723617036
Enemy,1327.6611723617036
The Spiderwick Chronicles,1327.6611723617036
Hoosiers,1327.6611723617036
8-Bit Christmas,1327.6611723617036
Hilda and the Mountain King,1327.6611723617036
Big Fish,1327.6611723617036
Scooby-Doo! and the Loch Ness Monster,1327.6262835144692
Annabelle: Creation,1327.6031199984734
Millennium Actress,1327.507186809866
Mr. Popper's Penguins,1326.5427798383778
Flubber,1324.8298091430038
Soul,1323.4078489312683
Mr. Peabody & Sherman,1323.1888849156435
Star Wars: The Rise of Skywalker,1323.1888849156435
Sonic the Hedgehog 2,1323.1888849156435
Jumanji: Welcome to the Jungle,1323.1888849156435
Planet 51,1323.1888849156435
Ferris Bueller's Day Off,1323.1888849156435
An Extremely Goofy Movie,1323.1888849156435
Minions,1320.8521569544032
The Lion King,1317.7415874766891
Scrooged,1317.3333333333333
Mickey 17,1317.3022540335924
Death Al Dente: A Gourmet Detective Mystery,1313.8358213535807
The Good Dinosaur,1313.4446448701117
Fargo,1305.9161417001708
Overcomer,1301.7421845980077
Star Wars: The Last Jedi,1221.4467003176358
Aloha Scooby-Doo!,1218.8359397524418
Space Jam: A New Legacy,1216.0
Alps,1216.0
Mission: Impossible II,1216.0
Woody Woodpecker Goes to Camp,1214.8891389106982
Frozen II,1204.3017861699325
The Killing of a Chinese Bookie,1201.5124838858437
Minutemen,1200.1907767822065
Pulp Fiction,1200.0
Space Jam,1200.0
Alvin and the Chipmunks: Chipwrecked,1200.0
The Secret Life of Pets,1200.0
Despicable Me 4,1200.0
Planes,1200.0
Cinema Paradiso,1200.0
Believe,1200.0
Shrek the Third,1200.0
Radio Rebel,1200.0
Obsession,1200.0
The Intern,1200.0
Divergent,1200.0
The Birds,1200.0
The Christmas Chronicles: Part Two,1200.0
Zapped,1200.0
Constantine,1200.0
Transformers One,1200.0
Ad Astra,1200.0
Turner & Hooch,1200.0
The Jungle Book,1200.0
Astro Boy,1200.0
Jimmy Neutron: Boy Genius,1200.0
The Forge,1200.0
Hugo,1200.0
A Dog's Way Home,1200.0
Fantastic Four: Rise of the Silver Surfer,1200.0
Open Season,1200.0
Spy Kids 3-D: Game Over,1200.0
The Little Rascals,1200.0
Cheaper by the Dozen,1200.0
Ooops! Noah Is Gone...,1200.0
Wonder,1200.0
The Star,1200.0
Goosebumps 2: Haunted Halloween,1200.0
Mirror Mirror,1200.0
Secret Magic Control Agency,1200.0
A Wrinkle in Time,1200.0
The Fountain,1200.0
A Quiet Place in the Country,1200.0
Swiss Family Robinson,1200.0
Morbius,1200.0
Encanto,1200.0
Pokémon the Movie: Mewtwo Strikes Back - Evolution,1200.0
Horse Girl,1200.0
Tom & Jerry,1200.0
Good Burger,1199.9554084237802
The Suite Life Movie,1199.6831683168316
Pants on Fire,1199.32512073225
The Spy Next Door,1199.32512073225
Johnny English Reborn,1199.32512073225
Peter Rabbit 2: The Runaway,1198.6577132492491
The Grinch,1198.5805754257824
Happy Feet Two,1198.5805754257824
A Monster in Paris,1197.090909090909
A Dog's Purpose,1197.090909090909
Air Bud,1197.090909090909
Madagascar 3: Europe's Most Wanted,1196.9327393976312
The Santa Clause,1194.3278390283704
Luca,1194.3278390283704
Tipline Mysteries: Dial 1 for Murder,1194.3278390283704
The Wolf of Wall Street,1194.3278390283704
Leo,1194.3278390283704
Guardians of the Galaxy Vol. 2,1192.946445267833
Wish Dragon,1191.2217584842113
Horton Hears a Who!,1189.8555515823102
Brave,1189.8555515823102
The Jungle Bunch,1189.8555515823102
Fountain of Youth,1189.8555515823102
Cars 3,1189.79885516039
"Honey, I Shrunk the Kids",1188.806452294306
Playing with Fire,1188.5957688801566
The Secret Life of Pets 2,1188.2873819665751
Charlie and the Chocolate Factory,1184.413992484557
Clifford the Big Red Dog,1184.0
Transformers,1184.0
Noelle,1183.800258747094
The Sea Beast,1178.7449674845236
Better Off Dead...,1178.0024549118407
Toy Story 4,1174.291533403862
High School Musical 3: Senior Year,1100.2428449494525
The Little Rascals Save the Day,1082.6666666666665
Dolphin Tale,1082.3195991634
Thunderstruck,1076.8111150843563
Transformers: Revenge of the Fallen,1076.8052194062127
Gulliver's Travels,1072.3388276382962
The Sleepover,1072.3007968246159
The Smurfs,1066.6666666666665
How the Grinch Stole Christmas,1066.6666666666665
Fantastic Beasts: The Secrets of Dumbledore,1066.6666666666665
The Croods: A New Age,1066.6666666666665
Ultraman: Rising,1066.6666666666665
The Mighty Ducks,1066.6666666666665
Host,1066.6666666666665
Jingle All the Way,1066.6666666666665
Kung Fu Panda 4,1066.6666666666665
Eraserhead,1066.6666666666665
The Nut Job 2: Nutty by Nature,1066.6666666666665
The Jungle Book,1066.6666666666665
Escape to Witch Mountain,1066.6666666666665
The Ice Age Adventures of Buck Wild,1066.6666666666665
The Swap,1066.6666666666665
Extinct,1066.6666666666665
Open Season 3,1066.6666666666665
Open Season 2,1066.6666666666665
Charlotte's Web,1066.6666666666665
All Dogs Go to Heaven 2,1066.6666666666665
The Jungle Bunch: The Movie,1066.6666666666665
Year One,1066.6666666666665
Valiant,1066.6666666666665
Home Team,1066.6666666666665
Deep,1066.6666666666665
The Pacifier,1066.6666666666665
Air Bud: World Pup,1066.6666666666665
Blue Velvet,1066.6666666666665
The Substance,1066.6666666666665
Toy Story 5,1066.6666666666665
Middle School: The Worst Years of My Life,1066.5188220578762
The Smurfs 2,1066.349834983498
Henry Danger: The Movie,1066.349834983498
Marcel the Shell with Shoes On,1066.029306636303
"Honey, We Shrunk Ourselves",1065.9917873989166
Smallfoot,1065.9917873989166
Dreamer: Inspired By a True Story,1065.9917873989166
Opposite Day,1065.247242092449
Ralph Breaks the Internet,1065.247242092449
Escape from Planet Earth,1065.247242092449
The Jungle Bunch: Operation Meltdown,1065.247242092449
Doppelganger,1063.9083666854585
The Pink Panther,1063.7095111447893
Jumanji: The Next Level,1062.4322472130796
Garage Sale Mystery: Guilty Until Proven Innocent,1060.9945056950369
Alpha and Omega,1060.9945056950369
Mary Poppins,1060.6877544340387
The Loud House Movie,1059.3431475524355
Her,1051.5143211412596
Red One,1050.6666666666665
Black Bear,1049.3670638015133
The Flintstones,1049.09674328971
Batman and Robin,963.137505588938
We Can Be Heroes,933.3333333333333
The Adventures of Sharkboy and Lavagirl,933.3333333333333
IF,933.3333333333333
Norm of the North,933.3333333333333
The Big Green,933.3333333333333
God's Country Song,933.3333333333333
Aniara,933.3333333333333
Minions: The Rise of Gru,933.3333333333333
Scoob!,933.3333333333333
Garfield,933.3333333333333
Tomorrowland,933.3333333333333
Alvin and the Chipmunks: The Road Chip,933.3333333333333
Poor Things,933.3333333333333
12 Dates of Christmas,933.3333333333333
Freaky Friday,933.3333333333333
The Knight Before Christmas,933.3333333333333
PAW Patrol: The Movie,933.3333333333333
Dolphin Tale 2,933.3333333333333
The Main Event,933.3333333333333
Masters of the Universe,933.3333333333333
Peter Pan & Wendy,933.3333333333333
A Minecraft Movie,933.3333333333333
Dragon Rider,933.3333333333333
Abominable,933.3333333333333
A Turtle's Tale: Sammy's Adventures,933.3333333333333
Fantastic Four,933.3333333333333
Man vs Bee,933.3333333333333
Sing,933.3333333333333
Batman: The Doom That Came to Gotham,933.2645396347829
Spaceballs,933.016501650165
Maya the Bee Movie,933.016501650165
Cats & Dogs: The Revenge of Kitty Galore,932.6584540655833
War of the Worlds,931.9139087591157
The Lion of Judah,931.9139087591157
Spooky Buddies,931.7835973088248
Jumanji,931.2442899202433
Gnomeo & Juliet,930.4242424242424
Jungle Shuffle,930.4242424242424
Sneakerella,929.7493671386818
Dear Evan Hansen,923.1888849156434
The Emoji Movie,923.0469359849967
The Guernsey Literary & Potato Peel Pie Society,911.1985724235519
The Little Mermaid,908.6850701825176
Norm of the North: Keys to the Kingdom,821.7391722417248
Sharkula,815.0812061776144
YES DAY,800.0
Spy Kids: Armageddon,800.0
Spy Kids: All the Time in the World,800.0
Bigfoot Family,800.0
Lightyear,800.0
Mufasa: The Lion King,800.0
Men,800.0
Switched,800.0
The Son of Bigfoot,800.0
The Art of Self-Defense,800.0
Coco,799.9312063014496
Beverly Hills Chihuahua,799.6831683168317
Spellbound,799.6831683168317
Chitty Chitty Bang Bang,799.6324086364905
Marmaduke,798.5805754257824
Harley Quinn: A Very Problematic Valentine's Day Special,797.0692455265761
Mamma Mia!,796.9030786277953
Trolls World Tour,795.6940274135698
Marmaduke,794.3278390283704
