Date,Name,Year,Letterboxd URI
2026-01-25,The History of Concrete,2026,https://boxd.it/ZsHI
2026-03-12,The Angry Birds Movie 3,2026,https://boxd.it/NCME
2026-04-21,Blood Music,,https://boxd.it/ImR4
2026-05-12,The Semplica Girl Diaries,,https://boxd.it/EA2w
2026-06-03,Blood Meridian,,https://boxd.it/GkrE
2026-06-12,Doppelgänger,,https://boxd.it/Vrpq
2026-06-19,Untitled Spider-Punk Film,,https://boxd.it/WLLe
2026-06-19,Mega Man,,https://boxd.it/owo2
2026-06-19,A Darker Shade of Magic,,https://boxd.it/oqJS
2026-07-01,Dead Ringer,1963,https://boxd.it/1ApW
2026-07-01,Doppelganger. The Double,2024,https://boxd.it/UK4k
2026-07-01,Doppelgänger,1969,https://boxd.it/11OM
2026-07-01,Mr. Klein,1976,https://boxd.it/jgw
2026-07-01,Secret Ceremony,1968,https://boxd.it/2r5U
2026-07-01,Asako I & II,2018,https://boxd.it/hyNk
2026-07-01,The Three Faces of Eve,1957,https://boxd.it/2liS
2026-07-01,Subtraction,2022,https://boxd.it/C69o
2026-07-01,The Third Part of the Night,1971,https://boxd.it/Miw
2026-07-01,Queen of Earth,2015,https://boxd.it/9y6Y
2026-07-01,The Dark Half,1993,https://boxd.it/1Wu0
2026-07-01,Images,1972,https://boxd.it/1nsS
2026-07-01,The One I Love,2014,https://boxd.it/77gy
2026-07-01,The Enemy,1965,https://boxd.it/7mwQ
2026-07-01,Dual,2022,https://boxd.it/q5ye
2026-07-01,Multiplicity,1996,https://boxd.it/1Z16
2026-07-01,Face/Off,1997,https://boxd.it/29I0
2026-07-01,The Beast,2023,https://boxd.it/yqmk
2026-07-01,Certified Copy,2010,https://boxd.it/IMW
2026-07-01,Phoenix,2014,https://boxd.it/7u46
2026-07-01,Obsession,1976,https://boxd.it/23QM
2026-07-01,Mississippi Mermaid,1969,https://boxd.it/28oe
2026-07-01,Body Double,1984,https://boxd.it/1TGW
2026-07-01,The Third Parent,2027,https://boxd.it/JN9K
2026-07-10,Two for the Seesaw,1976,https://boxd.it/HJ2w
2026-07-22,Sisters,1972,https://boxd.it/1AMc
2026-07-23,Cam,2018,https://boxd.it/iWvG
2026-08-08,Faults,2014,https://boxd.it/79FA
2026-08-11,Spider Island,2026,https://boxd.it/Udie
2026-08-17,Alice,1988,https://boxd.it/1G3C
2026-08-24,Untitled Alien: Romulus Sequel,,https://boxd.it/T4VY
2026-08-26,Image Book,2023,https://boxd.it/IYMG
2026-08-31,Enemies,,https://boxd.it/TP3u
2026-09-15,Bucking Fastard,2026,https://boxd.it/ST8Q
