Date,Content
2025-08-12,https://boxd.it/ascLsn
2025-11-20,https://boxd.it/7Vo8Id
2025-11-24,https://boxd.it/1ov3x
2025-12-02,https://boxd.it/bQvGnf
2025-12-03,https://boxd.it/1NFM9V
2025-12-04,https://boxd.it/NIfA3
2025-12-04,https://boxd.it/EX3Rv
2025-12-09,https://boxd.it/1FDfv
2025-12-15,https://boxd.it/c1BHAP
2025-12-16,https://boxd.it/1uoTpr
2025-12-17,https://boxd.it/c3dAUN
2025-12-17,https://boxd.it/9JvVTB
2025-12-20,https://boxd.it/c7TjSP
2025-12-21,https://boxd.it/9r7Trl
2025-12-25,https://boxd.it/wwn9H
2025-12-25,https://boxd.it/kWc1h
2025-12-25,https://boxd.it/xaCjH
2025-12-25,https://boxd.it/6oR7aH
2025-12-25,https://boxd.it/13C897
2025-12-26,https://boxd.it/c2Z7Xb
2025-12-27,https://boxd.it/i6fOJ
2025-12-30,https://boxd.it/kcjcp
2025-12-30,https://boxd.it/xkeJ7
2025-12-30,https://boxd.it/2eUitz
2026-01-06,https://boxd.it/csAjpz
2026-01-12,https://boxd.it/a8603N
2026-01-13,https://boxd.it/eQT1j
2026-01-15,https://boxd.it/cDeDqx
2026-01-18,https://boxd.it/V1Yc7
2026-01-18,https://boxd.it/y78i3
2026-01-18,https://boxd.it/A8pub
2026-01-19,https://boxd.it/7cvo77
2026-01-19,https://boxd.it/20rVdV
2026-01-19,https://boxd.it/cohmd3
2026-01-19,https://boxd.it/AumZp
2026-01-20,https://boxd.it/cIGAgb
2026-01-20,https://boxd.it/3a3KX
2026-01-22,https://boxd.it/cKhmjj
2026-01-22,https://boxd.it/cKdT9X
2026-01-24,https://boxd.it/1ByYtB
2026-01-24,https://boxd.it/CrsvH
2026-01-25,https://boxd.it/cOAeFl
2026-01-26,https://boxd.it/cPIvSB
2026-01-27,https://boxd.it/cQFShr
2026-01-29,https://boxd.it/cS2M2F
2026-01-31,https://boxd.it/2jfOVj
2026-02-01,https://boxd.it/cV5xOd
2026-02-01,https://boxd.it/1sQkdt
2026-02-02,https://boxd.it/192hQL
2026-02-02,https://boxd.it/1oQ0ft
2026-02-02,https://boxd.it/15YVBV
2026-02-03,https://boxd.it/cXJOgZ
2026-02-04,https://boxd.it/cYnFGp
2026-02-05,https://boxd.it/cZxENj
2026-02-11,https://boxd.it/cTE7EX
2026-02-11,https://boxd.it/d4qrKH
2026-02-11,https://boxd.it/1kXFR7
2026-02-11,https://boxd.it/9U7MBf
2026-02-11,https://boxd.it/5QxTvx
2026-02-12,https://boxd.it/d5d9H9
2026-02-12,https://boxd.it/anJoK5
2026-02-12,https://boxd.it/brsDN
2026-02-13,https://boxd.it/d62lFL
2026-02-13,https://boxd.it/d5XIYh
2026-02-13,https://boxd.it/d6uhYb
2026-02-13,https://boxd.it/1ruX1
2026-02-15,https://boxd.it/c8Akb
2026-02-15,https://boxd.it/RFzZ3
2026-02-15,https://boxd.it/xHkCH
2026-02-17,https://boxd.it/d4puA9
2026-02-17,https://boxd.it/d6S75j
2026-02-18,https://boxd.it/dbNxCX
2026-02-20,https://boxd.it/538n2n
2026-02-21,https://boxd.it/C1ljd
2026-02-22,https://boxd.it/7p4Ja5
2026-02-22,https://boxd.it/d4NGfZ
2026-02-23,https://boxd.it/3sTMiN
2026-02-23,https://boxd.it/3qSTH1
2026-02-24,https://boxd.it/dhqTJz
2026-02-24,https://boxd.it/28GKwJ
2026-02-24,https://boxd.it/20xqOD
2026-02-24,https://boxd.it/3kW825
2026-02-25,https://boxd.it/a92bvJ
2026-02-25,https://boxd.it/di303r
2026-02-25,https://boxd.it/dhTZnR
2026-02-25,https://boxd.it/11xJLp
2026-02-25,https://boxd.it/di4Yk5
2026-02-25,https://boxd.it/dihR8d
2026-02-25,https://boxd.it/disjYL
2026-02-25,https://boxd.it/687z3
2026-02-25,https://boxd.it/zm11
2026-02-26,https://boxd.it/d2XDcZ
2026-02-26,https://boxd.it/diMsBL
2026-02-28,https://boxd.it/djLL3F
2026-02-28,https://boxd.it/djjNyz
2026-02-28,https://boxd.it/djoVtx
2026-02-28,https://boxd.it/djpfAN
2026-03-03,https://boxd.it/dn0Et9
2026-03-04,https://boxd.it/dnupw3
2026-03-06,https://boxd.it/5NwbOB
2026-03-06,https://boxd.it/dpu4xd
2026-03-06,https://boxd.it/dpwb9r
2026-03-07,https://boxd.it/dpPFmD
2026-03-07,https://boxd.it/dpFFfH
2026-03-07,https://boxd.it/dqfdUz
2026-03-07,https://boxd.it/8QIBG9
2026-03-07,https://boxd.it/dqhiVB
2026-03-09,https://boxd.it/dscx9b
2026-03-09,https://boxd.it/dr7OsZ
2026-03-10,https://boxd.it/dsHIP5
2026-03-10,https://boxd.it/jeQa7
2026-03-10,https://boxd.it/dsO5VR
2026-03-10,https://boxd.it/dsZBKX
2026-03-10,https://boxd.it/dsUTZB
2026-03-11,https://boxd.it/dqSJvf
2026-03-11,https://boxd.it/43DiVh
2026-03-11,https://boxd.it/dtuaVr
2026-03-12,https://boxd.it/dtFdW5
2026-03-12,https://boxd.it/9izEQb
2026-03-12,https://boxd.it/douALx
2026-03-13,https://boxd.it/aZG315
2026-03-13,https://boxd.it/1jxa3f
2026-03-13,https://boxd.it/duxEUt
2026-03-15,https://boxd.it/dw7yB7
2026-03-15,https://boxd.it/dwwngH
2026-03-16,https://boxd.it/dxneSX
2026-03-17,https://boxd.it/dxS0K3
2026-03-17,https://boxd.it/aiZpn
2026-03-17,https://boxd.it/1gg3GN
2026-03-17,https://boxd.it/4ztWvB
2026-03-18,https://boxd.it/ayTro1
2026-03-18,https://boxd.it/63RmzD
2026-03-18,https://boxd.it/64LDWV
2026-03-18,https://boxd.it/7k7YXH
2026-03-18,https://boxd.it/65OIe5
2026-03-18,https://boxd.it/65H38r
2026-03-18,https://boxd.it/afcon3
2026-03-18,https://boxd.it/9KONU9
2026-03-20,https://boxd.it/dA9yc7
2026-03-22,https://boxd.it/cwUa6T
2026-03-22,https://boxd.it/wU6Mv
2026-03-22,https://boxd.it/2eO9S9
2026-03-22,https://boxd.it/dCsuoz
2026-03-22,https://boxd.it/dAUzHf
2026-03-23,https://boxd.it/dDakCz
2026-03-23,https://boxd.it/7XDgBH
2026-03-23,https://boxd.it/dtINxV
2026-03-23,https://boxd.it/dtYAIt
2026-03-23,https://boxd.it/4GUsy3
2026-03-23,https://boxd.it/dDHtRJ
2026-03-24,https://boxd.it/dEtA5D
2026-03-24,https://boxd.it/dERW3H
2026-03-25,https://boxd.it/6z81qX
2026-03-25,https://boxd.it/dFp41P
2026-03-25,https://boxd.it/dFyWcv
2026-03-25,https://boxd.it/35guNN
2026-03-25,https://boxd.it/53prcv
2026-03-25,https://boxd.it/36IvDp
2026-03-25,https://boxd.it/33uy3z
2026-03-25,https://boxd.it/32P8E3
2026-03-25,https://boxd.it/33KPBv
2026-03-27,https://boxd.it/9crN8x
2026-03-27,https://boxd.it/1edk1D
2026-03-27,https://boxd.it/1Uudv
2026-03-29,https://boxd.it/dIdIrB
2026-03-30,https://boxd.it/dJfY4V
2026-03-30,https://boxd.it/dJApwd
2026-03-30,https://boxd.it/dJQ6kJ
2026-03-31,https://boxd.it/9DIqLj
2026-03-31,https://boxd.it/aAvOFT
2026-04-01,https://boxd.it/dL6tX1
2026-04-01,https://boxd.it/1t0JzJ
2026-04-01,https://boxd.it/OtTFL
2026-04-01,https://boxd.it/68XFb3
2026-04-01,https://boxd.it/9IRjz9
2026-04-01,https://boxd.it/9orZX1
2026-04-01,https://boxd.it/zq0BN
2026-04-01,https://boxd.it/dLR4iB
2026-04-01,https://boxd.it/9wOMrJ
2026-04-02,https://boxd.it/dMaAdh
2026-04-02,https://boxd.it/dMx6Sv
2026-04-02,https://boxd.it/dLS4Vl
2026-04-03,https://boxd.it/7V0j6B
2026-04-03,https://boxd.it/dNCh6B
2026-04-03,https://boxd.it/2TllhP
2026-04-03,https://boxd.it/b2rFQx
2026-04-03,https://boxd.it/3HhAQH
2026-04-04,https://boxd.it/c4YK5N
2026-04-04,https://boxd.it/m0kTD
2026-04-04,https://boxd.it/nyIzf
2026-04-04,https://boxd.it/dOX9Kp
2026-04-05,https://boxd.it/dP9Sfb
2026-04-05,https://boxd.it/rkFZn
2026-04-05,https://boxd.it/5yM35P
2026-04-05,https://boxd.it/dPQA9v
2026-04-06,https://boxd.it/dPZ8Lf
2026-04-06,https://boxd.it/2gfiix
2026-04-06,https://boxd.it/diCAz9
2026-04-06,https://boxd.it/2qMJyt
2026-04-06,https://boxd.it/dQGQCx
2026-04-06,https://boxd.it/dR9LfV
2026-04-06,https://boxd.it/dPww8t
2026-04-06,https://boxd.it/dIJN3N
2026-04-06,https://boxd.it/dQUUQ7
2026-04-06,https://boxd.it/dR5aVH
2026-04-06,https://boxd.it/d4WZ53
2026-04-06,https://boxd.it/1C2MJd
2026-04-06,https://boxd.it/11BsGF
2026-04-06,https://boxd.it/4pnX5x
2026-04-06,https://boxd.it/2aERRX
2026-04-07,https://boxd.it/dS1Wgt
2026-04-07,https://boxd.it/dRZuCd
2026-04-07,https://boxd.it/QX4pl
2026-04-07,https://boxd.it/dMPzXF
2026-04-08,https://boxd.it/dSoVS3
2026-04-08,https://boxd.it/dSTBhN
2026-04-08,https://boxd.it/dSUCp1
2026-04-08,https://boxd.it/dT5Goj
2026-04-09,https://boxd.it/dTpdEn
2026-04-09,https://boxd.it/dToiqN
2026-04-09,https://boxd.it/dTof9f
2026-04-09,https://boxd.it/dS1Kpt
2026-04-10,https://boxd.it/dU9RJf
2026-04-10,https://boxd.it/dUfazN
2026-04-10,https://boxd.it/dUuTLz
2026-04-11,https://boxd.it/dMWaPP
2026-04-11,https://boxd.it/dJCBvF
2026-04-11,https://boxd.it/dMqeZl
2026-04-11,https://boxd.it/dKC7Pz
2026-04-11,https://boxd.it/dJB0zt
2026-04-11,https://boxd.it/dK3lzP
2026-04-11,https://boxd.it/dVmjip
2026-04-11,https://boxd.it/1m3U1B
2026-04-12,https://boxd.it/dkXfSp
2026-04-12,https://boxd.it/dVJKWd
2026-04-12,https://boxd.it/dVw9eR
2026-04-12,https://boxd.it/bGCpM7
2026-04-12,https://boxd.it/dScV4X
2026-04-12,https://boxd.it/dW7ly9
2026-04-12,https://boxd.it/dVTxtd
2026-04-13,https://boxd.it/sLK29
2026-04-13,https://boxd.it/yQHW3
2026-04-13,https://boxd.it/1ZFlsp
2026-04-14,https://boxd.it/2IE3np
2026-04-14,https://boxd.it/bRYMJX
2026-04-14,https://boxd.it/dYfEGF
2026-04-14,https://boxd.it/dYbEZJ
2026-04-14,https://boxd.it/6ulYZN
2026-04-14,https://boxd.it/1kTtZZ
2026-04-14,https://boxd.it/6UTWnJ
2026-04-15,https://boxd.it/dYyLUR
2026-04-15,https://boxd.it/2KZbgB
2026-04-15,https://boxd.it/2iL4TV
2026-04-15,https://boxd.it/dZ2jBd
2026-04-16,https://boxd.it/dZ5JyZ
2026-04-16,https://boxd.it/b2k8JJ
2026-04-16,https://boxd.it/apfx0j
2026-04-16,https://boxd.it/7i9MtL
2026-04-16,https://boxd.it/yihVv
2026-04-17,https://boxd.it/dZJdOL
2026-04-17,https://boxd.it/dZL4Fz
2026-04-17,https://boxd.it/2BMT35
2026-04-17,https://boxd.it/17YY73
2026-04-17,https://boxd.it/2yoZcx
2026-04-17,https://boxd.it/dZxDcT
2026-04-17,https://boxd.it/e0hF95
2026-04-18,https://boxd.it/6UniFT
2026-04-18,https://boxd.it/2aGTqj
2026-04-18,https://boxd.it/e0X6Xt
2026-04-19,https://boxd.it/e197Gn
2026-04-19,https://boxd.it/650Bxf
2026-04-19,https://boxd.it/ISDI1
2026-04-19,https://boxd.it/e1vgVl
2026-04-19,https://boxd.it/gfx7X
2026-04-19,https://boxd.it/y6esr
2026-04-19,https://boxd.it/1yK7Hd
2026-04-19,https://boxd.it/2abqFx
2026-04-19,https://boxd.it/4ZzpX
2026-04-19,https://boxd.it/26LgbD
2026-04-19,https://boxd.it/aFsCFL
2026-04-19,https://boxd.it/18bQld
2026-04-19,https://boxd.it/e1Wk45
2026-04-19,https://boxd.it/e22haV
2026-04-20,https://boxd.it/e25Z1J
2026-04-20,https://boxd.it/PNiOZ
2026-04-20,https://boxd.it/83kkiP
2026-04-20,https://boxd.it/8SZ6yl
2026-04-20,https://boxd.it/6wNE89
2026-04-20,https://boxd.it/e2PAwJ
2026-04-20,https://boxd.it/e2KekV
2026-04-20,https://boxd.it/e2YcZ1
2026-04-21,https://boxd.it/e3uiN5
2026-04-21,https://boxd.it/e1ZvX7
2026-04-21,https://boxd.it/e3DdDn
2026-04-21,https://boxd.it/dMcKEL
2026-04-22,https://boxd.it/e3Mghd
2026-04-22,https://boxd.it/e4wHav
2026-04-23,https://boxd.it/e4WwFT
2026-04-24,https://boxd.it/e5z84H
2026-04-24,https://boxd.it/9TnvIL
2026-04-24,https://boxd.it/e5DOyn
2026-04-24,https://boxd.it/DLRdx
2026-04-24,https://boxd.it/Ze5RL
2026-04-24,https://boxd.it/1Corkv
2026-04-24,https://boxd.it/18Wqjz
2026-04-24,https://boxd.it/e5Tttj
2026-04-24,https://boxd.it/1CFMnJ
2026-04-24,https://boxd.it/e5XEzZ
2026-04-25,https://boxd.it/bN70RH
2026-04-25,https://boxd.it/8WSkqn
2026-04-26,https://boxd.it/1aGl5
2026-04-26,https://boxd.it/DnlPr
2026-04-26,https://boxd.it/1tyYef
2026-04-26,https://boxd.it/1MPtEr
2026-04-26,https://boxd.it/e7sfoD
2026-04-26,https://boxd.it/7pPbF3
2026-04-26,https://boxd.it/2gx0dZ
2026-04-26,https://boxd.it/1oyWrB
2026-04-26,https://boxd.it/1qfX7d
2026-04-26,https://boxd.it/wu1gn
2026-04-26,https://boxd.it/2OATSv
2026-04-26,https://boxd.it/2TlzkX
2026-04-26,https://boxd.it/4MjgFr
2026-04-26,https://boxd.it/54N7Gn
2026-04-26,https://boxd.it/esoPJ
2026-04-27,https://boxd.it/e87fUr
2026-04-27,https://boxd.it/479Tat
2026-04-28,https://boxd.it/a0RLZ7
2026-04-29,https://boxd.it/e9Akul
2026-04-29,https://boxd.it/e9f3PT
2026-04-29,https://boxd.it/e9AsEt
2026-04-30,https://boxd.it/8tSFcv
2026-04-30,https://boxd.it/eajVfx
2026-04-30,https://boxd.it/1MgVCX
2026-04-30,https://boxd.it/bKhke9
2026-04-30,https://boxd.it/pQHkR
2026-05-01,https://boxd.it/eaHYWn
2026-05-01,https://boxd.it/eaLNRp
2026-05-01,https://boxd.it/bPGqrt
2026-05-01,https://boxd.it/dYA6oz
2026-05-01,https://boxd.it/ebg6nX
2026-05-01,https://boxd.it/e4Fsa9
2026-05-01,https://boxd.it/ebh5k1
2026-05-02,https://boxd.it/ebDip3
2026-05-02,https://boxd.it/9Id303
2026-05-02,https://boxd.it/dbAj3D
2026-05-02,https://boxd.it/3xMw9L
2026-05-02,https://boxd.it/eckAYV
2026-05-03,https://boxd.it/ecCLCn
2026-05-03,https://boxd.it/edispX
2026-05-03,https://boxd.it/e5sCvf
2026-05-03,https://boxd.it/dWnQ2l
2026-05-03,https://boxd.it/ebKzBz
2026-05-03,https://boxd.it/dwQUsr
2026-05-03,https://boxd.it/edjVd9
2026-05-04,https://boxd.it/3YcX6F
2026-05-04,https://boxd.it/bBH1oF
2026-05-04,https://boxd.it/ecURcB
2026-05-04,https://boxd.it/eelqet
2026-05-04,https://boxd.it/dnb7vj
2026-05-05,https://boxd.it/1ByAiT
2026-05-05,https://boxd.it/ef8ZmZ
2026-05-05,https://boxd.it/1F1UQV
2026-05-05,https://boxd.it/16TQJT
2026-05-05,https://boxd.it/ef4RRx
2026-05-06,https://boxd.it/eftKC1
2026-05-06,https://boxd.it/efJXk7
2026-05-07,https://boxd.it/egoQvz
2026-05-08,https://boxd.it/ebL81h
2026-05-09,https://boxd.it/bCT0wL
2026-05-10,https://boxd.it/ehXGfF
2026-05-10,https://boxd.it/6B80ct
2026-05-10,https://boxd.it/3RWBSV
2026-05-10,https://boxd.it/2xhO6Z
2026-05-10,https://boxd.it/8JrQv
2026-05-11,https://boxd.it/1wfMUd
2026-05-11,https://boxd.it/5KjO79
2026-05-11,https://boxd.it/8I3NVr
2026-05-11,https://boxd.it/cXFFtn
2026-05-13,https://boxd.it/elgNBX
2026-05-14,https://boxd.it/gvEYr
2026-05-14,https://boxd.it/RVk3P
2026-05-14,https://boxd.it/e0r7pt
2026-05-14,https://boxd.it/em62jB
2026-05-15,https://boxd.it/emQr4D
2026-05-15,https://boxd.it/emq4o9
2026-05-15,https://boxd.it/emE4Ct
2026-05-17,https://boxd.it/enCaX3
2026-05-17,https://boxd.it/eo4eip
2026-05-17,https://boxd.it/eomSEB
2026-05-18,https://boxd.it/eozb7P
2026-05-19,https://boxd.it/bUPZ1D
2026-05-20,https://boxd.it/sM0f
2026-05-22,https://boxd.it/erXtJx
2026-05-22,https://boxd.it/esosLB
2026-05-22,https://boxd.it/aZ204Z
2026-05-23,https://boxd.it/esFQBJ
2026-05-23,https://boxd.it/esMpEb
2026-05-23,https://boxd.it/esSjCP
2026-05-23,https://boxd.it/esTcsZ
2026-05-23,https://boxd.it/esZKjz
2026-05-23,https://boxd.it/et9VYX
2026-05-23,https://boxd.it/etcKvB
2026-05-23,https://boxd.it/etiyDP
2026-05-24,https://boxd.it/etJ7L7
2026-05-24,https://boxd.it/etP8rJ
2026-05-25,https://boxd.it/eu8y2t
2026-05-25,https://boxd.it/143H25
2026-05-25,https://boxd.it/euE0g1
2026-05-26,https://boxd.it/enTy8H
2026-05-26,https://boxd.it/akfMov
2026-05-26,https://boxd.it/evKtPZ
2026-05-26,https://boxd.it/evNRZP
2026-05-26,https://boxd.it/evXxsL
2026-05-28,https://boxd.it/expTtL
2026-05-28,https://boxd.it/exGpZL
2026-05-29,https://boxd.it/ewSmTb
2026-05-29,https://boxd.it/ey5pqL
2026-05-29,https://boxd.it/eyjaKz
2026-05-29,https://boxd.it/cXalTj
2026-05-30,https://boxd.it/bIp6l
2026-05-30,https://boxd.it/eyNLDb
2026-05-30,https://boxd.it/emMEYV
2026-05-30,https://boxd.it/ez1tOj
2026-06-01,https://boxd.it/eBeHQR
2026-06-02,https://boxd.it/eBRly5
2026-06-02,https://boxd.it/eC0tgB
2026-06-03,https://boxd.it/2rGhf1
2026-06-03,https://boxd.it/2MrhDr
2026-06-03,https://boxd.it/4G2OR
2026-06-04,https://boxd.it/1krj73
2026-06-04,https://boxd.it/Q81SH
2026-06-04,https://boxd.it/2B6y1X
2026-06-04,https://boxd.it/eBrpkJ
2026-06-04,https://boxd.it/wWEjB
2026-06-05,https://boxd.it/eE9MBJ
2026-06-05,https://boxd.it/eEl2Vx
2026-06-05,https://boxd.it/eEBwBT
2026-06-05,https://boxd.it/4s0uUd
2026-06-06,https://boxd.it/eEUWZ1
2026-06-07,https://boxd.it/eGHenp
2026-06-07,https://boxd.it/eGCwwz
2026-06-07,https://boxd.it/otrZp
2026-06-08,https://boxd.it/90UpJf
2026-06-08,https://boxd.it/LRxzn
2026-06-08,https://boxd.it/b3JxT
2026-06-08,https://boxd.it/eHEQyD
2026-06-09,https://boxd.it/eHZ9od
2026-06-09,https://boxd.it/eHYeXF
2026-06-09,https://boxd.it/eIl5lj
2026-06-09,https://boxd.it/1LpsRN
2026-06-10,https://boxd.it/eJmoX3
2026-06-10,https://boxd.it/10elGN
2026-06-11,https://boxd.it/eK240z
2026-06-11,https://boxd.it/eK52wT
2026-06-12,https://boxd.it/eCpybB
2026-06-12,https://boxd.it/29n6rF
2026-06-12,https://boxd.it/eKSmcx
2026-06-13,https://boxd.it/eL4BTv
2026-06-13,https://boxd.it/eLzZeN
2026-06-14,https://boxd.it/eM6iap
2026-06-16,https://boxd.it/95OUp
2026-06-16,https://boxd.it/Vx513
2026-06-16,https://boxd.it/4JuQkp
2026-06-16,https://boxd.it/4axMm3
2026-06-16,https://boxd.it/eOugLJ
2026-06-17,https://boxd.it/1md8VV
2026-06-17,https://boxd.it/1V5qkx
2026-06-17,https://boxd.it/9D9Kr
2026-06-19,https://boxd.it/eQ2wKz
2026-06-19,https://boxd.it/8NaZaV
2026-06-20,https://boxd.it/5eBlCb
2026-06-20,https://boxd.it/eRoO3r
2026-06-21,https://boxd.it/7dfijN
2026-06-21,https://boxd.it/77K3dX
2026-06-22,https://boxd.it/2RipVF
2026-06-22,https://boxd.it/2R3jGT
2026-06-22,https://boxd.it/2RHDfN
2026-06-22,https://boxd.it/2Yy2vT
2026-06-22,https://boxd.it/2SiSep
2026-06-22,https://boxd.it/eSXTqz
2026-06-22,https://boxd.it/eSrp7j
2026-06-22,https://boxd.it/eSpeWh
2026-06-22,https://boxd.it/eRpclz
2026-06-22,https://boxd.it/eQKGOp
2026-06-22,https://boxd.it/eQHSDH
2026-06-26,https://boxd.it/eWlPsL
2026-06-27,https://boxd.it/eXia7l
2026-06-27,https://boxd.it/1zmb6h
2026-06-27,https://boxd.it/2aYOqp
2026-06-30,https://boxd.it/78JyCV
2026-07-01,https://boxd.it/f0WBmz
2026-07-01,https://boxd.it/ctSNn
2026-07-01,https://boxd.it/f1bkMl
2026-07-01,https://boxd.it/f1cW07
2026-07-01,https://boxd.it/7hApZ5
2026-07-01,https://boxd.it/75Dwn1
2026-07-02,https://boxd.it/h9vV9
2026-07-02,https://boxd.it/nO4YL
2026-07-02,https://boxd.it/1Bf5Ln
2026-07-02,https://boxd.it/hmUQ5
2026-07-03,https://boxd.it/3Y0mXD
2026-07-03,https://boxd.it/3VYMed
2026-07-03,https://boxd.it/3THmlb
2026-07-04,https://boxd.it/xHlst
2026-07-05,https://boxd.it/zwB6T
2026-07-05,https://boxd.it/DRdOb
2026-07-05,https://boxd.it/B6uvD
2026-07-05,https://boxd.it/f4Grj5
2026-07-05,https://boxd.it/f4OQ83
2026-07-05,https://boxd.it/eMimvZ
2026-07-05,https://boxd.it/2mz7j
2026-07-05,https://boxd.it/1Fvuqx
2026-07-06,https://boxd.it/f5Spb7
2026-07-07,https://boxd.it/eZEHfJ
2026-07-07,https://boxd.it/f0gQ3N
2026-07-07,https://boxd.it/12Ybrt
2026-07-07,https://boxd.it/273DgR
2026-07-07,https://boxd.it/3TMCf
2026-07-07,https://boxd.it/7ulqVb
2026-07-07,https://boxd.it/f7ctO7
2026-07-07,https://boxd.it/f7qEgX
2026-07-07,https://boxd.it/3RQtQl
2026-07-08,https://boxd.it/f7TmsT
2026-07-08,https://boxd.it/f7BoOL
2026-07-08,https://boxd.it/f7pWt9
2026-07-08,https://boxd.it/wuxX
2026-07-08,https://boxd.it/f7Z4cb
2026-07-08,https://boxd.it/ewJeDB
2026-07-08,https://boxd.it/2h5Fhh
2026-07-08,https://boxd.it/cTpNkF
2026-07-09,https://boxd.it/lSSX
2026-07-09,https://boxd.it/1aqGQN
2026-07-09,https://boxd.it/ijhUP
2026-07-09,https://boxd.it/u10Uv
2026-07-09,https://boxd.it/3nVhFF
2026-07-09,https://boxd.it/f9fwfN
2026-07-10,https://boxd.it/7bth6j
2026-07-10,https://boxd.it/4tCLQx
2026-07-11,https://boxd.it/faPljb
2026-07-12,https://boxd.it/fb3K8l
2026-07-12,https://boxd.it/fbeh1H
2026-07-12,https://boxd.it/d0faO5
2026-07-12,https://boxd.it/93n33x
2026-07-12,https://boxd.it/fbbOrd
2026-07-12,https://boxd.it/d3hGZF
2026-07-12,https://boxd.it/fbYCRL
2026-07-13,https://boxd.it/k2lh7
2026-07-13,https://boxd.it/fdiKit
2026-07-14,https://boxd.it/1W2X1h
2026-07-14,https://boxd.it/fdxlhb
2026-07-14,https://boxd.it/fdKCaR
2026-07-14,https://boxd.it/b28sqX
2026-07-14,https://boxd.it/eFzQqL
2026-07-14,https://boxd.it/eHRASN
2026-07-14,https://boxd.it/aBSVyP
2026-07-14,https://boxd.it/9QD2ub
2026-07-14,https://boxd.it/aEkzEb
2026-07-14,https://boxd.it/BOBN3
2026-07-14,https://boxd.it/1kFtpT
2026-07-14,https://boxd.it/fe8JpH
2026-07-14,https://boxd.it/fepcTX
2026-07-15,https://boxd.it/feAxsF
2026-07-15,https://boxd.it/cO9dlF
2026-07-15,https://boxd.it/a5QSDZ
2026-07-15,https://boxd.it/20PSbZ
2026-07-15,https://boxd.it/12iot
2026-07-16,https://boxd.it/l0VsP
2026-07-16,https://boxd.it/ffI8Jh
2026-07-16,https://boxd.it/11tY5l
2026-07-16,https://boxd.it/fg9Pjv
2026-07-16,https://boxd.it/f7kCD9
2026-07-16,https://boxd.it/f7qOkF
2026-07-17,https://boxd.it/fauKZT
2026-07-17,https://boxd.it/fgFwzt
2026-07-17,https://boxd.it/fgZGKh
2026-07-17,https://boxd.it/fhdoPr
2026-07-17,https://boxd.it/f9gP3D
2026-07-17,https://boxd.it/cEKR9
2026-07-17,https://boxd.it/2RBUHn
2026-07-17,https://boxd.it/GukJt
2026-07-17,https://boxd.it/mFcAP
2026-07-17,https://boxd.it/9fPruL
2026-07-17,https://boxd.it/fb517L
2026-07-17,https://boxd.it/fdiD3V
2026-07-18,https://boxd.it/fhmZwT
2026-07-18,https://boxd.it/fhxp7v
2026-07-18,https://boxd.it/fi62Mb
2026-07-18,https://boxd.it/fi7Hq3
2026-07-18,https://boxd.it/fim4uv
2026-07-19,https://boxd.it/fiGp1z
2026-07-19,https://boxd.it/7YmMeb
2026-07-19,https://boxd.it/2ZI9UP
2026-07-19,https://boxd.it/9x7mif
2026-07-19,https://boxd.it/aHAvXd
2026-07-19,https://boxd.it/fjoVXX
2026-07-20,https://boxd.it/fjzBBf
2026-07-20,https://boxd.it/1eglZb
2026-07-20,https://boxd.it/1cQ2vF
2026-07-20,https://boxd.it/1OgO9H
2026-07-20,https://boxd.it/34AV7F
2026-07-20,https://boxd.it/1Mo0aD
2026-07-20,https://boxd.it/2vJ73V
2026-07-20,https://boxd.it/fkCEH1
2026-07-20,https://boxd.it/fj7f5F
2026-07-21,https://boxd.it/24Z1AN
2026-07-21,https://boxd.it/29UR4p
2026-07-21,https://boxd.it/5qiXeB
2026-07-21,https://boxd.it/flNTIz
2026-07-21,https://boxd.it/flT0xt
2026-07-21,https://boxd.it/8fbp81
2026-07-22,https://boxd.it/3VGMH
2026-07-22,https://boxd.it/6eTIf
2026-07-22,https://boxd.it/26OdGp
2026-07-22,https://boxd.it/fmKcHB
2026-07-22,https://boxd.it/fmOpjl
2026-07-23,https://boxd.it/4iSjD
2026-07-23,https://boxd.it/D7HCn
2026-07-23,https://boxd.it/1hVBsV
2026-07-23,https://boxd.it/5hPlt
2026-07-23,https://boxd.it/2aNHcj
2026-07-23,https://boxd.it/2OwQHh
2026-07-23,https://boxd.it/z8ylD
2026-07-23,https://boxd.it/1LFKeB
2026-07-23,https://boxd.it/33znMD
2026-07-23,https://boxd.it/2Ki6A1
2026-07-23,https://boxd.it/fnZIkX
2026-07-23,https://boxd.it/fobgB1
2026-07-23,https://boxd.it/1Sz3sL
2026-07-23,https://boxd.it/hw35v
2026-07-24,https://boxd.it/1XsVbF
2026-07-24,https://boxd.it/2JMStX
2026-07-24,https://boxd.it/foKWBn
2026-07-24,https://boxd.it/foUGdz
2026-07-24,https://boxd.it/foZsBH
2026-07-24,https://boxd.it/fp9UEJ
2026-07-24,https://boxd.it/fo6hmr
2026-07-24,https://boxd.it/eqzdnX
2026-07-24,https://boxd.it/fphH3L
2026-07-24,https://boxd.it/9g4nhX
2026-07-25,https://boxd.it/fpuvVH
2026-07-25,https://boxd.it/fp3opl
2026-07-25,https://boxd.it/fpB2aL
2026-07-25,https://boxd.it/fqirFb
2026-07-26,https://boxd.it/fqFAkx
2026-07-26,https://boxd.it/frvtRD
2026-07-27,https://boxd.it/Gg9R
2026-07-27,https://boxd.it/eJdJTj
2026-07-27,https://boxd.it/eQsmgL
2026-07-28,https://boxd.it/ftkS3f
2026-07-28,https://boxd.it/ftgat1
2026-07-28,https://boxd.it/1uDsBP
2026-07-28,https://boxd.it/1t8S4V
2026-07-28,https://boxd.it/fulRS3
2026-07-28,https://boxd.it/fulUSZ
2026-07-29,https://boxd.it/4jPQUP
2026-07-29,https://boxd.it/4kG4Xx
2026-07-29,https://boxd.it/fuE5Qr
2026-07-29,https://boxd.it/fu8WLF
2026-07-29,https://boxd.it/fv54NP
2026-07-29,https://boxd.it/fvrhr7
2026-07-30,https://boxd.it/fvGC4N
2026-07-30,https://boxd.it/feFyrN
2026-07-30,https://boxd.it/fwLAAV
2026-07-30,https://boxd.it/fueZCt
2026-07-31,https://boxd.it/ceV1IT
2026-07-31,https://boxd.it/fxFUbN
2026-07-31,https://boxd.it/fxI8eb
2026-07-31,https://boxd.it/fxPWOR
2026-08-02,https://boxd.it/fAc4wj
2026-08-02,https://boxd.it/fAQMkL
2026-08-03,https://boxd.it/4ImQcl
2026-08-03,https://boxd.it/4HEcqp
2026-08-03,https://boxd.it/4IE3IN
2026-08-03,https://boxd.it/ffidaJ
2026-08-03,https://boxd.it/9K4ggN
2026-08-03,https://boxd.it/59HtNX
2026-08-03,https://boxd.it/fCbT8X
2026-08-03,https://boxd.it/11VVB5
2026-08-04,https://boxd.it/16prR
2026-08-04,https://boxd.it/godoH
2026-08-04,https://boxd.it/QhV3
2026-08-05,https://boxd.it/cw8ped
2026-08-05,https://boxd.it/fDNpBv
2026-08-06,https://boxd.it/fF83g7
2026-08-06,https://boxd.it/fFnlRZ
2026-08-06,https://boxd.it/fFz7pB
2026-08-07,https://boxd.it/JZkW7
2026-08-07,https://boxd.it/3B52dD
2026-08-08,https://boxd.it/fHUFhV
2026-08-08,https://boxd.it/fHXehb
2026-08-08,https://boxd.it/fIeySl
2026-08-08,https://boxd.it/7U15Jn
2026-08-09,https://boxd.it/fIdgrT
2026-08-09,https://boxd.it/fIIn3V
2026-08-09,https://boxd.it/9Ip9BX
2026-08-09,https://boxd.it/fJ43ur
2026-08-09,https://boxd.it/fJly1p
2026-08-09,https://boxd.it/fJomrr
2026-08-09,https://boxd.it/fcIUD5
2026-08-09,https://boxd.it/fdiORd
2026-08-10,https://boxd.it/zJVcN
2026-08-10,https://boxd.it/8ln2OB
2026-08-10,https://boxd.it/ra96v
2026-08-10,https://boxd.it/fKgGh5
2026-08-10,https://boxd.it/fKDUsn
2026-08-11,https://boxd.it/jCFT
2026-08-11,https://boxd.it/1KaaqF
2026-08-11,https://boxd.it/fLltxN
2026-08-11,https://boxd.it/1YtTbf
2026-08-11,https://boxd.it/fLEGhL
2026-08-12,https://boxd.it/4WPrz
2026-08-13,https://boxd.it/zqqED
2026-08-13,https://boxd.it/tentT
2026-08-13,https://boxd.it/fNvIjp
2026-08-15,https://boxd.it/fPs65V
2026-08-16,https://boxd.it/fPVGav
2026-08-18,https://boxd.it/fSC7BF
2026-08-18,https://boxd.it/1dap7L
2026-08-18,https://boxd.it/79hg3r
2026-08-18,https://boxd.it/bjRex
2026-08-18,https://boxd.it/1k4nWD
2026-08-18,https://boxd.it/2f7fnJ
2026-08-18,https://boxd.it/ayuXs5
2026-08-19,https://boxd.it/fTNjKF
2026-08-19,https://boxd.it/fS2thZ
2026-08-19,https://boxd.it/fUpg2h
2026-08-19,https://boxd.it/4M9RWT
2026-08-19,https://boxd.it/3pNzvb
2026-08-20,https://boxd.it/8oyh5b
2026-08-22,https://boxd.it/fWSmc9
2026-08-22,https://boxd.it/dZxpJz
2026-08-22,https://boxd.it/dNT4H9
2026-08-23,https://boxd.it/1SwQCT
2026-08-23,https://boxd.it/fNhFmR
2026-08-23,https://boxd.it/fYOgqz
2026-08-25,https://boxd.it/fZRqXt
2026-08-25,https://boxd.it/fZXoWP
2026-08-26,https://boxd.it/fV4kCP
2026-08-26,https://boxd.it/g111RJ
2026-08-26,https://boxd.it/1pbGB
2026-08-26,https://boxd.it/OBFF9
2026-08-26,https://boxd.it/7NXjLF
2026-08-26,https://boxd.it/4VPtGd
2026-08-26,https://boxd.it/g1TLrl
2026-08-27,https://boxd.it/2nBE7j
2026-08-27,https://boxd.it/gfT3j
2026-08-27,https://boxd.it/g1ZcJh
2026-08-28,https://boxd.it/g326v9
2026-08-28,https://boxd.it/g3lMMf
2026-08-28,https://boxd.it/g1jNUH
2026-08-28,https://boxd.it/g1mhiH
2026-08-28,https://boxd.it/dLAMLX
2026-08-29,https://boxd.it/g3QCEH
2026-08-29,https://boxd.it/5pzY8z
2026-08-29,https://boxd.it/8yOP3b
2026-08-30,https://boxd.it/fZR5zZ
2026-08-30,https://boxd.it/1wGIoh
2026-08-30,https://boxd.it/L1M7f
2026-08-30,https://boxd.it/7rtMox
2026-08-30,https://boxd.it/4tbWTD
2026-08-30,https://boxd.it/4ICH7j
2026-08-30,https://boxd.it/8FCsop
2026-08-31,https://boxd.it/e0cJ8l
2026-08-31,https://boxd.it/g6VQ3x
2026-09-01,https://boxd.it/2J9qBB
2026-09-01,https://boxd.it/2avMXX
2026-09-01,https://boxd.it/5PO21f
2026-09-02,https://boxd.it/g88Orn
2026-09-02,https://boxd.it/g8tZdX
2026-09-02,https://boxd.it/g8jl71
2026-09-02,https://boxd.it/g8Pyb5
2026-09-02,https://boxd.it/auMNkZ
2026-09-03,https://boxd.it/g952Yh
2026-09-03,https://boxd.it/fdLvzx
2026-09-03,https://boxd.it/1Z4gEL
2026-09-03,https://boxd.it/ydMeR
2026-09-03,https://boxd.it/1CbaC7
2026-09-04,https://boxd.it/2RcJRV
2026-09-04,https://boxd.it/gauSvl
2026-09-04,https://boxd.it/2IvSHn
2026-09-05,https://boxd.it/2GgLR3
2026-09-05,https://boxd.it/2Mq2Bj
2026-09-05,https://boxd.it/2GvCth
2026-09-05,https://boxd.it/gaMqFD
2026-09-06,https://boxd.it/gbDwvZ
2026-09-06,https://boxd.it/7tN14N
2026-09-07,https://boxd.it/gdRvnh
2026-09-08,https://boxd.it/SBlwR
2026-09-08,https://boxd.it/kPIwd
2026-09-08,https://boxd.it/2bLxOR
2026-09-08,https://boxd.it/58oW5
2026-09-08,https://boxd.it/geNPSP
2026-09-09,https://boxd.it/geQyyp
2026-09-09,https://boxd.it/geRb3F
2026-09-09,https://boxd.it/gf4MLl
2026-09-10,https://boxd.it/gggL49
2026-09-10,https://boxd.it/110jEh
2026-09-10,https://boxd.it/cXS5Z
2026-09-11,https://boxd.it/ggwIxf
2026-09-11,https://boxd.it/gh6kGp
2026-09-11,https://boxd.it/1maFGt
2026-09-16,https://boxd.it/gkZ70H
2026-09-16,https://boxd.it/glwqbb
2026-09-16,https://boxd.it/glDPxP
2026-09-17,https://boxd.it/gm9m8F
2026-09-19,https://boxd.it/GanBR
2026-09-24,https://boxd.it/grTu7R
2026-09-25,https://boxd.it/gtGB6X
2026-09-26,https://boxd.it/gtL323
